,interaction_id,betti_number,birth,death,lifespan,vertices,vertices_set
1,1,0,0.0,0.6449636816978455,0.6449636816978455,[1],[['CREBBP']]
2,2,0,0.0,0.5298463106155396,0.5298463106155396,[2],[['E2F2']]
3,3,0,0.0,0.6383404731750488,0.6383404731750488,[3],[['RALBP1']]
4,4,0,0.0,0.6617520451545715,0.6617520451545715,[4],[['CTNNA1']]
5,5,0,0.0,0.5337535738945007,0.5337535738945007,[5],[['LAMC3']]
6,6,0,0.0,0.5638802647590637,0.5638802647590637,[6],[['CTNNA2']]
7,7,0,0.0,0.5064497590065002,0.5064497590065002,[7],[['RASSF1']]
8,8,0,0.0,0.4141666889190674,0.4141666889190674,[8],[['COL4A4']]
9,9,0,0.0,0.611150324344635,0.611150324344635,[9],[['CRKL']]
10,10,0,0.0,0.156942218542099,0.156942218542099,[10],[['EP300']]
11,11,0,0.0,0.30156293511390686,0.30156293511390686,[11],[['E2F1']]
12,12,0,0.0,0.5052566528320312,0.5052566528320312,[12],[['CDK6']]
13,13,0,0.0,0.5592317581176758,0.5592317581176758,[13],[['DVL1']]
14,14,0,0.0,0.742739737033844,0.742739737033844,[14],[['CDKN1B']]
15,15,0,0.0,0.5907889008522034,0.5907889008522034,[15],[['FZD10']]
16,16,0,0.0,0.4760150611400604,0.4760150611400604,[16],[['E2F3']]
17,17,0,0.0,0.6370762586593628,0.6370762586593628,[17],[['TFG']]
18,18,0,0.0,0.3584524989128113,0.3584524989128113,[18],[['APC2']]
19,19,0,0.0,0.6574531197547913,0.6574531197547913,[19],[['EPAS1']]
20,20,0,0.0,0.5801489353179932,0.5801489353179932,[20],[['AKT3']]
21,21,0,0.0,0.716079592704773,0.716079592704773,[21],[['CSF3R']]
22,22,0,0.0,0.46867939829826355,0.46867939829826355,[22],[['CDK2']]
23,23,0,0.0,0.7098208665847778,0.7098208665847778,[23],[['CDKN1A']]
24,24,0,0.0,0.7214051485061646,0.7214051485061646,[24],[['EGLN3']]
25,25,0,0.0,0.744216799736023,0.744216799736023,[25],[['PIAS3']]
26,26,0,0.0,0.5091261863708496,0.5091261863708496,[26],[['COL4A2']]
27,27,0,0.0,0.5460823178291321,0.5460823178291321,[27],[['CDK4']]
28,28,0,0.0,0.7125128507614136,0.7125128507614136,[28],[['EGF']]
29,29,0,0.0,0.6900917887687683,0.6900917887687683,[29],[['ERBB2']]
30,30,0,0.0,0.6304671168327332,0.6304671168327332,[30],[['AKT1']]
31,31,0,0.0,0.5775959491729736,0.5775959491729736,[31],[['EGFR']]
32,32,0,0.0,0.4587213099002838,0.4587213099002838,[32],[['CDKN2B']]
33,33,0,0.0,0.35732829570770264,0.35732829570770264,[33],[['CDKN2A']]
34,34,0,0.0,0.5156357884407043,0.5156357884407043,[34],[['CTBP1']]
35,35,0,0.0,0.5618765354156494,0.5618765354156494,[35],[['DVL3']]
36,36,0,0.0,0.5276681184768677,0.5276681184768677,[36],[['CRK']]
37,37,0,0.0,0.4903910160064697,0.4903910160064697,[37],[['DAPK3']]
38,38,0,0.0,0.6752654314041138,0.6752654314041138,[38],[['CTNNB1']]
39,39,0,0.0,0.3201899230480194,0.3201899230480194,[39],[['CKS1B']]
40,40,0,0.0,0.7370724081993103,0.7370724081993103,[40],[['CTBP2']]
41,41,0,0.0,0.443754643201828,0.443754643201828,[41],[['CSF1R']]
42,42,0,0.0,0.22858257591724396,0.22858257591724396,[42],[['DCC']]
43,43,0,0.0,0.1310546100139618,0.1310546100139618,[43],[['COL4A1']]
44,44,0,0.0,0.430947870016098,0.430947870016098,[44],[['DAPK1']]
45,45,0,0.0,0.7346563339233398,0.7346563339233398,[45],[['COL4A6']]
46,46,0,0.0,0.38941890001296997,0.38941890001296997,[46],[['CSF2RA']]
47,47,0,0.0,1.0,1.0,[47],[['CSF2RA']]
48,48,0,0.0,0.4686911404132843,0.4686911404132843,[48],[['CHUK']]
49,49,0,0.0,0.6657928824424744,0.6657928824424744,[49],[['CEBPA']]
50,50,0,0.0,0.6741200685501099,0.6741200685501099,[50],[['EGLN2']]
51,51,1,0.5031826496124268,0.5405828952789307,0.037400245666503906,"[54, 55, 58, 69, 75]","[['E2F2', 'E2F1'], ['E2F1', 'CKS1B'], ['E2F3', 'CDKN2A'], ['CDKN2A', 'CKS1B'], ['E2F2', 'E2F3']]"
52,52,1,0.5691246390342712,0.5965580344200134,0.027433395385742188,"[54, 55, 58, 64, 69, 76, 116]","[['E2F2', 'E2F1'], ['E2F1', 'CKS1B'], ['E2F3', 'CDKN2A'], ['CDK6', 'DAPK1'], ['CDKN2A', 'CKS1B'], ['CDK6', 'E2F3'], ['E2F2', 'DAPK1']]"
53,53,1,0.5725821852684021,0.5737255215644836,0.001143336296081543,"[68, 72, 77, 117]","[['EP300', 'CHUK'], ['DAPK3', 'CHUK'], ['RASSF1', 'EP300'], ['RASSF1', 'DAPK3']]"
54,54,1,0.5993401408195496,0.6247114539146423,0.025371313095092773,"[58, 66, 76, 145]","[['E2F3', 'CDKN2A'], ['CDKN2B', 'CDKN2A'], ['CDK6', 'E2F3'], ['CDK6', 'CDKN2B']]"
55,55,1,0.6212400197982788,0.7108587622642517,0.0896187424659729,"[52, 61, 65, 68, 72, 90, 185]","[['CREBBP', 'EP300'], ['CREBBP', 'CSF2RA'], ['CSF1R', 'CSF2RA'], ['EP300', 'CHUK'], ['DAPK3', 'CHUK'], ['LAMC3', 'CSF1R'], ['LAMC3', 'DAPK3']]"
56,56,1,0.6247723698616028,0.7314208149909973,0.10664844512939453,"[52, 55, 58, 60, 61, 64, 68, 69, 72, 76, 85, 109, 189]","[['CREBBP', 'EP300'], ['E2F1', 'CKS1B'], ['E2F3', 'CDKN2A'], ['COL4A4', 'CSF2RA'], ['CREBBP', 'CSF2RA'], ['CDK6', 'DAPK1'], ['EP300', 'CHUK'], ['CDKN2A', 'CKS1B'], ['DAPK3', 'CHUK'], ['CDK6', 'E2F3'], ['COL4A4', 'DAPK1'], ['DVL1', 'DAPK3'], ['E2F1', 'DVL1']]"
57,57,1,0.6320493221282959,0.6374183893203735,0.005369067192077637,"[58, 64, 66, 76, 125, 139, 202]","[['E2F3', 'CDKN2A'], ['CDK6', 'DAPK1'], ['CDKN2B', 'CDKN2A'], ['CDK6', 'E2F3'], ['EGFR', 'DAPK1'], ['FZD10', 'EGFR'], ['FZD10', 'CDKN2B']]"
58,58,1,0.6576870679855347,0.7309337854385376,0.07324671745300293,"[55, 58, 60, 64, 65, 67, 69, 76, 85, 238, 298, 299]","[['E2F1', 'CKS1B'], ['E2F3', 'CDKN2A'], ['COL4A4', 'CSF2RA'], ['CDK6', 'DAPK1'], ['CSF1R', 'CSF2RA'], ['E2F1', 'CDK2'], ['CDKN2A', 'CKS1B'], ['CDK6', 'E2F3'], ['COL4A4', 'DAPK1'], ['TFG', 'CDK2'], ['EPAS1', 'CSF1R'], ['TFG', 'EPAS1']]"
59,59,1,0.6739071607589722,0.747864305973053,0.07395714521408081,"[52, 60, 61, 64, 68, 72, 85, 128, 201, 383]","[['CREBBP', 'EP300'], ['COL4A4', 'CSF2RA'], ['CREBBP', 'CSF2RA'], ['CDK6', 'DAPK1'], ['EP300', 'CHUK'], ['DAPK3', 'CHUK'], ['COL4A4', 'DAPK1'], ['CDK6', 'AKT3'], ['AKT3', 'AKT1'], ['AKT1', 'DAPK3']]"
60,60,1,0.6842778325080872,0.710894763469696,0.026616930961608887,"[60, 64, 65, 85, 128, 298, 429]","[['COL4A4', 'CSF2RA'], ['CDK6', 'DAPK1'], ['CSF1R', 'CSF2RA'], ['COL4A4', 'DAPK1'], ['CDK6', 'AKT3'], ['EPAS1', 'CSF1R'], ['EPAS1', 'AKT3']]"
61,61,1,0.689613401889801,0.7105827927589417,0.020969390869140625,"[55, 58, 60, 64, 65, 69, 76, 85, 298, 453]","[['E2F1', 'CKS1B'], ['E2F3', 'CDKN2A'], ['COL4A4', 'CSF2RA'], ['CDK6', 'DAPK1'], ['CSF1R', 'CSF2RA'], ['CDKN2A', 'CKS1B'], ['CDK6', 'E2F3'], ['COL4A4', 'DAPK1'], ['EPAS1', 'CSF1R'], ['E2F1', 'EPAS1']]"
62,62,1,0.6916175484657288,0.7740892171859741,0.08247166872024536,"[52, 58, 60, 61, 64, 66, 68, 72, 76, 78, 85, 488]","[['CREBBP', 'EP300'], ['E2F3', 'CDKN2A'], ['COL4A4', 'CSF2RA'], ['CREBBP', 'CSF2RA'], ['CDK6', 'DAPK1'], ['CDKN2B', 'CDKN2A'], ['EP300', 'CHUK'], ['DAPK3', 'CHUK'], ['CDK6', 'E2F3'], ['COL4A2', 'DAPK3'], ['COL4A4', 'DAPK1'], ['COL4A2', 'CDKN2B']]"
63,63,1,0.6938140988349915,0.7476460337638855,0.05383193492889404,"[58, 59, 60, 61, 64, 69, 76, 85, 111, 384, 493]","[['E2F3', 'CDKN2A'], ['APC2', 'DCC'], ['COL4A4', 'CSF2RA'], ['CREBBP', 'CSF2RA'], ['CDK6', 'DAPK1'], ['CDKN2A', 'CKS1B'], ['CDK6', 'E2F3'], ['COL4A4', 'DAPK1'], ['CREBBP', 'DCC'], ['CKS1B', 'EGLN2'], ['APC2', 'EGLN2']]"
64,64,1,0.6941227316856384,0.741997480392456,0.04787474870681763,"[52, 58, 60, 61, 64, 69, 76, 85, 384, 494]","[['CREBBP', 'EP300'], ['E2F3', 'CDKN2A'], ['COL4A4', 'CSF2RA'], ['CREBBP', 'CSF2RA'], ['CDK6', 'DAPK1'], ['CDKN2A', 'CKS1B'], ['CDK6', 'E2F3'], ['COL4A4', 'DAPK1'], ['CKS1B', 'EGLN2'], ['EP300', 'EGLN2']]"
65,65,1,0.7066841721534729,0.72953861951828,0.02285444736480713,"[52, 55, 58, 60, 61, 64, 68, 69, 76, 79, 85, 385, 600]","[['CREBBP', 'EP300'], ['E2F1', 'CKS1B'], ['E2F3', 'CDKN2A'], ['COL4A4', 'CSF2RA'], ['CREBBP', 'CSF2RA'], ['CDK6', 'DAPK1'], ['EP300', 'CHUK'], ['CDKN2A', 'CKS1B'], ['CDK6', 'E2F3'], ['CTBP1', 'CHUK'], ['COL4A4', 'DAPK1'], ['CTBP1', 'CTNNB1'], ['E2F1', 'CTNNB1']]"
66,66,1,0.7113089561462402,0.7355789542198181,0.02426999807357788,"[52, 60, 61, 64, 68, 72, 76, 85, 109, 315, 637]","[['CREBBP', 'EP300'], ['COL4A4', 'CSF2RA'], ['CREBBP', 'CSF2RA'], ['CDK6', 'DAPK1'], ['EP300', 'CHUK'], ['DAPK3', 'CHUK'], ['CDK6', 'E2F3'], ['COL4A4', 'DAPK1'], ['DVL1', 'DAPK3'], ['CTNNA1', 'E2F3'], ['CTNNA1', 'DVL1']]"
67,67,1,0.713054895401001,0.7161264419555664,0.0030715465545654297,"[52, 55, 58, 60, 61, 64, 67, 68, 69, 72, 76, 78, 85, 110, 639]","[['CREBBP', 'EP300'], ['E2F1', 'CKS1B'], ['E2F3', 'CDKN2A'], ['COL4A4', 'CSF2RA'], ['CREBBP', 'CSF2RA'], ['CDK6', 'DAPK1'], ['E2F1', 'CDK2'], ['EP300', 'CHUK'], ['CDKN2A', 'CKS1B'], ['DAPK3', 'CHUK'], ['CDK6', 'E2F3'], ['COL4A2', 'DAPK3'], ['COL4A4', 'DAPK1'], ['CDK2', 'DVL3'], ['COL4A2', 'DVL3']]"
68,68,1,0.7133820652961731,0.7152989506721497,0.0019168853759765625,"[52, 348, 607, 644]","[['CREBBP', 'EP300'], ['EP300', 'CEBPA'], ['CDKN1A', 'CEBPA'], ['CREBBP', 'CDKN1A']]"
69,69,1,0.7147434949874878,0.7733256816864014,0.058582186698913574,"[52, 60, 61, 64, 85, 128, 201, 454, 656]","[['CREBBP', 'EP300'], ['COL4A4', 'CSF2RA'], ['CREBBP', 'CSF2RA'], ['CDK6', 'DAPK1'], ['COL4A4', 'DAPK1'], ['CDK6', 'AKT3'], ['AKT3', 'AKT1'], ['ERBB2', 'AKT1'], ['EP300', 'ERBB2']]"
70,70,1,0.7157477140426636,0.718239963054657,0.002492249011993408,"[55, 58, 60, 61, 64, 69, 76, 85, 706]","[['E2F1', 'CKS1B'], ['E2F3', 'CDKN2A'], ['COL4A4', 'CSF2RA'], ['CREBBP', 'CSF2RA'], ['CDK6', 'DAPK1'], ['CDKN2A', 'CKS1B'], ['CDK6', 'E2F3'], ['COL4A4', 'DAPK1'], ['CREBBP', 'E2F1']]"
71,71,1,0.7211506962776184,0.7296441793441772,0.008493483066558838,"[51, 52, 61, 65, 68, 72, 78, 298, 751]","[['COL4A2', 'COL4A1'], ['CREBBP', 'EP300'], ['CREBBP', 'CSF2RA'], ['CSF1R', 'CSF2RA'], ['EP300', 'CHUK'], ['DAPK3', 'CHUK'], ['COL4A2', 'DAPK3'], ['EPAS1', 'CSF1R'], ['EPAS1', 'COL4A1']]"
72,72,1,0.7316286563873291,0.7476460337638855,0.016017377376556396,"[59, 60, 61, 64, 85, 111, 128, 201, 891]","[['APC2', 'DCC'], ['COL4A4', 'CSF2RA'], ['CREBBP', 'CSF2RA'], ['CDK6', 'DAPK1'], ['COL4A4', 'DAPK1'], ['CREBBP', 'DCC'], ['CDK6', 'AKT3'], ['AKT3', 'AKT1'], ['APC2', 'AKT1']]"
73,73,1,0.735127329826355,0.741997480392456,0.006870150566101074,"[52, 60, 61, 64, 76, 85, 248, 915]","[['CREBBP', 'EP300'], ['COL4A4', 'CSF2RA'], ['CREBBP', 'CSF2RA'], ['CDK6', 'DAPK1'], ['CDK6', 'E2F3'], ['COL4A4', 'DAPK1'], ['RALBP1', 'E2F3'], ['RALBP1', 'EP300']]"
74,74,1,0.7451973557472229,0.766272246837616,0.021074891090393066,"[60, 61, 64, 85, 111, 128, 1134]","[['COL4A4', 'CSF2RA'], ['CREBBP', 'CSF2RA'], ['CDK6', 'DAPK1'], ['COL4A4', 'DAPK1'], ['CREBBP', 'DCC'], ['CDK6', 'AKT3'], ['AKT3', 'DCC']]"
75,75,1,0.7494214177131653,0.7858684659004211,0.03644704818725586,"[51, 52, 58, 60, 61, 64, 68, 69, 72, 76, 78, 85, 384, 1051, 1230]","[['COL4A2', 'COL4A1'], ['CREBBP', 'EP300'], ['E2F3', 'CDKN2A'], ['COL4A4', 'CSF2RA'], ['CREBBP', 'CSF2RA'], ['CDK6', 'DAPK1'], ['EP300', 'CHUK'], ['CDKN2A', 'CKS1B'], ['DAPK3', 'CHUK'], ['CDK6', 'E2F3'], ['COL4A2', 'DAPK3'], ['COL4A4', 'DAPK1'], ['CKS1B', 'EGLN2'], ['CDKN1B', 'EGLN2'], ['CDKN1B', 'COL4A1']]"
76,76,1,0.7585698366165161,0.7824888229370117,0.023918986320495605,"[64, 85, 128, 201, 965, 1417]","[['CDK6', 'DAPK1'], ['COL4A4', 'DAPK1'], ['CDK6', 'AKT3'], ['AKT3', 'AKT1'], ['COL4A4', 'CTBP2'], ['AKT1', 'CTBP2']]"
77,77,1,0.7647626399993896,0.7956745028495789,0.03091186285018921,"[64, 76, 125, 248, 762, 1600]","[['CDK6', 'DAPK1'], ['CDK6', 'E2F3'], ['EGFR', 'DAPK1'], ['RALBP1', 'E2F3'], ['EGLN3', 'EGFR'], ['RALBP1', 'EGLN3']]"
78,78,1,0.7706301212310791,0.8099563717842102,0.039326250553131104,"[55, 58, 64, 67, 69, 76, 85, 110, 965, 1859]","[['E2F1', 'CKS1B'], ['E2F3', 'CDKN2A'], ['CDK6', 'DAPK1'], ['E2F1', 'CDK2'], ['CDKN2A', 'CKS1B'], ['CDK6', 'E2F3'], ['COL4A4', 'DAPK1'], ['CDK2', 'DVL3'], ['COL4A4', 'CTBP2'], ['DVL3', 'CTBP2']]"
79,79,1,0.7761436104774475,0.7795779705047607,0.0034343600273132324,"[52, 60, 61, 64, 76, 85, 315, 348, 607, 2135]","[['CREBBP', 'EP300'], ['COL4A4', 'CSF2RA'], ['CREBBP', 'CSF2RA'], ['CDK6', 'DAPK1'], ['CDK6', 'E2F3'], ['COL4A4', 'DAPK1'], ['CTNNA1', 'E2F3'], ['EP300', 'CEBPA'], ['CDKN1A', 'CEBPA'], ['CTNNA1', 'CDKN1A']]"
80,80,1,0.7797021865844727,0.7963351607322693,0.01663297414779663,"[55, 58, 69, 315, 914, 2285]","[['E2F1', 'CKS1B'], ['E2F3', 'CDKN2A'], ['CDKN2A', 'CKS1B'], ['CTNNA1', 'E2F3'], ['CTNNA1', 'COL4A6'], ['E2F1', 'COL4A6']]"
81,81,1,0.7835460305213928,0.7858684659004211,0.0023224353790283203,"[58, 69, 248, 384, 1051, 2425]","[['E2F3', 'CDKN2A'], ['CDKN2A', 'CKS1B'], ['RALBP1', 'E2F3'], ['CKS1B', 'EGLN2'], ['CDKN1B', 'EGLN2'], ['RALBP1', 'CDKN1B']]"
82,82,1,0.7851164937019348,0.8074856400489807,0.0223691463470459,"[58, 60, 64, 65, 69, 76, 85, 298, 384, 707, 2633]","[['E2F3', 'CDKN2A'], ['COL4A4', 'CSF2RA'], ['CDK6', 'DAPK1'], ['CSF1R', 'CSF2RA'], ['CDKN2A', 'CKS1B'], ['CDK6', 'E2F3'], ['COL4A4', 'DAPK1'], ['EPAS1', 'CSF1R'], ['CKS1B', 'EGLN2'], ['EPAS1', 'CSF3R'], ['CSF3R', 'EGLN2']]"
83,83,1,0.8022692799568176,0.8074856400489807,0.005216360092163086,"[58, 60, 64, 65, 66, 76, 85, 298, 707, 4130]","[['E2F3', 'CDKN2A'], ['COL4A4', 'CSF2RA'], ['CDK6', 'DAPK1'], ['CSF1R', 'CSF2RA'], ['CDKN2B', 'CDKN2A'], ['CDK6', 'E2F3'], ['COL4A4', 'DAPK1'], ['EPAS1', 'CSF1R'], ['EPAS1', 'CSF3R'], ['CSF3R', 'CDKN2B']]"
84,84,1,0.8071940541267395,0.8198102116584778,0.012616157531738281,"[58, 64, 69, 76, 85, 384, 965, 1101, 4856]","[['E2F3', 'CDKN2A'], ['CDK6', 'DAPK1'], ['CDKN2A', 'CKS1B'], ['CDK6', 'E2F3'], ['COL4A4', 'DAPK1'], ['CKS1B', 'EGLN2'], ['COL4A4', 'CTBP2'], ['PIAS3', 'CTBP2'], ['PIAS3', 'EGLN2']]"
85,85,1,0.825233519077301,0.8421706557273865,0.01693713665008545,"[53, 60, 61, 64, 76, 85, 111, 315, 914, 9794]","[['CTNNA2', 'DCC'], ['COL4A4', 'CSF2RA'], ['CREBBP', 'CSF2RA'], ['CDK6', 'DAPK1'], ['CDK6', 'E2F3'], ['COL4A4', 'DAPK1'], ['CREBBP', 'DCC'], ['CTNNA1', 'E2F3'], ['CTNNA1', 'COL4A6'], ['CTNNA2', 'COL4A6']]"
86,86,2,0.7342143058776855,0.7880645990371704,0.05385029315948486,"[63, 113, 130, 162, 232, 289, 382, 496, 606, 623, 626, 633, 634, 646, 669, 700, 867, 872, 878, 881, 912, 913]","[['CREBBP', 'EP300', 'CSF2RA'], ['COL4A4', 'EP300', 'CSF2RA'], ['CREBBP', 'COL4A4', 'EP300'], ['CDK6', 'AKT3', 'DAPK1'], ['CDK6', 'CDKN2B', 'DAPK1'], ['COL4A4', 'AKT3', 'DAPK1'], ['EPAS1', 'CSF1R', 'CSF2RA'], ['E2F2', 'CDK6', 'CDKN2B'], ['COL4A4', 'CSF1R', 'CSF2RA'], ['CREBBP', 'LAMC3', 'CSF2RA'], ['LAMC3', 'EPAS1', 'CSF2RA'], ['COL4A4', 'EPAS1', 'AKT3'], ['COL4A4', 'EPAS1', 'CSF1R'], ['E2F2', 'CDK6', 'AKT3'], ['CREBBP', 'COL4A4', 'DAPK1'], ['E2F2', 'E2F1', 'CDKN2B'], ['CREBBP', 'LAMC3', 'EPAS1'], ['CREBBP', 'E2F1', 'EPAS1'], ['E2F2', 'E2F1', 'EPAS1'], ['E2F2', 'EPAS1', 'AKT3'], ['CREBBP', 'E2F1', 'CDKN2B'], ['CREBBP', 'CDKN2B', 'DAPK1']]"
87,87,2,0.7393522262573242,0.7728965282440186,0.033544301986694336,"[63, 113, 130, 382, 492, 604, 606, 623, 626, 669, 808, 850, 1002, 1005]","[['CREBBP', 'EP300', 'CSF2RA'], ['COL4A4', 'EP300', 'CSF2RA'], ['CREBBP', 'COL4A4', 'EP300'], ['EPAS1', 'CSF1R', 'CSF2RA'], ['CREBBP', 'LAMC3', 'DAPK3'], ['LAMC3', 'EPAS1', 'CSF1R'], ['COL4A4', 'CSF1R', 'CSF2RA'], ['CREBBP', 'LAMC3', 'CSF2RA'], ['LAMC3', 'EPAS1', 'CSF2RA'], ['CREBBP', 'COL4A4', 'DAPK1'], ['COL4A4', 'CSF1R', 'DAPK1'], ['LAMC3', 'DAPK3', 'CSF1R'], ['CREBBP', 'DAPK3', 'DAPK1'], ['DAPK3', 'CSF1R', 'DAPK1']]"
88,88,2,0.744883120059967,0.7621826529502869,0.017299532890319824,"[63, 113, 130, 144, 162, 289, 359, 382, 396, 606, 623, 626, 633, 634, 646, 669, 725, 726, 738, 854, 855, 867, 872, 878, 881, 1023, 1109, 1110]","[['CREBBP', 'EP300', 'CSF2RA'], ['COL4A4', 'EP300', 'CSF2RA'], ['CREBBP', 'COL4A4', 'EP300'], ['E2F2', 'CDK6', 'DAPK1'], ['CDK6', 'AKT3', 'DAPK1'], ['COL4A4', 'AKT3', 'DAPK1'], ['E2F2', 'E2F1', 'DVL1'], ['EPAS1', 'CSF1R', 'CSF2RA'], ['E2F2', 'DVL1', 'CKS1B'], ['COL4A4', 'CSF1R', 'CSF2RA'], ['CREBBP', 'LAMC3', 'CSF2RA'], ['LAMC3', 'EPAS1', 'CSF2RA'], ['COL4A4', 'EPAS1', 'AKT3'], ['COL4A4', 'EPAS1', 'CSF1R'], ['E2F2', 'CDK6', 'AKT3'], ['CREBBP', 'COL4A4', 'DAPK1'], ['CREBBP', 'EP300', 'CTNNB1'], ['CREBBP', 'E2F1', 'CTNNB1'], ['CREBBP', 'EP300', 'DAPK1'], ['EP300', 'DVL1', 'CTNNB1'], ['E2F1', 'DVL1', 'CTNNB1'], ['CREBBP', 'LAMC3', 'EPAS1'], ['CREBBP', 'E2F1', 'EPAS1'], ['E2F2', 'E2F1', 'EPAS1'], ['E2F2', 'EPAS1', 'AKT3'], ['EP300', 'DVL1', 'CKS1B'], ['E2F2', 'CKS1B', 'DAPK1'], ['EP300', 'CKS1B', 'DAPK1']]"
89,89,2,0.75003981590271,0.7604940533638,0.010454237461090088,"[359, 396, 725, 726, 854, 855, 893, 962, 989, 1007, 1022, 1023, 1232, 1235]","[['E2F2', 'E2F1', 'DVL1'], ['E2F2', 'DVL1', 'CKS1B'], ['CREBBP', 'EP300', 'CTNNB1'], ['CREBBP', 'E2F1', 'CTNNB1'], ['EP300', 'DVL1', 'CTNNB1'], ['E2F1', 'DVL1', 'CTNNB1'], ['E2F2', 'RALBP1', 'CKS1B'], ['CREBBP', 'CRKL', 'EP300'], ['E2F2', 'RALBP1', 'E2F1'], ['RALBP1', 'CRKL', 'EP300'], ['RALBP1', 'EP300', 'CKS1B'], ['EP300', 'DVL1', 'CKS1B'], ['CREBBP', 'RALBP1', 'CRKL'], ['CREBBP', 'RALBP1', 'E2F1']]"
90,90,2,0.7500635981559753,0.7625183463096619,0.012454748153686523,"[57, 152, 333, 543, 581, 893, 962, 1007, 1022, 1024, 1048, 1232, 1240, 1255]","[['E2F2', 'E2F1', 'CKS1B'], ['E2F1', 'CDK4', 'CKS1B'], ['E2F2', 'E2F1', 'CDK4'], ['CDK4', 'CKS1B', 'EGLN2'], ['CREBBP', 'EP300', 'EGLN2'], ['E2F2', 'RALBP1', 'CKS1B'], ['CREBBP', 'CRKL', 'EP300'], ['RALBP1', 'CRKL', 'EP300'], ['RALBP1', 'EP300', 'CKS1B'], ['EP300', 'CKS1B', 'EGLN2'], ['E2F2', 'CDK4', 'EGLN2'], ['CREBBP', 'RALBP1', 'CRKL'], ['CREBBP', 'E2F2', 'RALBP1'], ['CREBBP', 'E2F2', 'EGLN2']]"
91,91,2,0.7520793080329895,0.7621826529502869,0.010103344917297363,"[359, 396, 730, 893, 989, 1009, 1022, 1023, 1273, 1274]","[['E2F2', 'E2F1', 'DVL1'], ['E2F2', 'DVL1', 'CKS1B'], ['DVL2', 'E2F1', 'DVL1'], ['E2F2', 'RALBP1', 'CKS1B'], ['E2F2', 'RALBP1', 'E2F1'], ['DVL2', 'EP300', 'DVL1'], ['RALBP1', 'EP300', 'CKS1B'], ['EP300', 'DVL1', 'CKS1B'], ['DVL2', 'RALBP1', 'EP300'], ['DVL2', 'RALBP1', 'E2F1']]"
92,92,2,0.7521876692771912,0.7621826529502869,0.009994983673095703,"[359, 396, 590, 725, 726, 753, 854, 855, 867, 872, 878, 1023, 1285, 1286]","[['E2F2', 'E2F1', 'DVL1'], ['E2F2', 'DVL1', 'CKS1B'], ['CREBBP', 'LAMC3', 'EP300'], ['CREBBP', 'EP300', 'CTNNB1'], ['CREBBP', 'E2F1', 'CTNNB1'], ['LAMC3', 'EP300', 'EPAS1'], ['EP300', 'DVL1', 'CTNNB1'], ['E2F1', 'DVL1', 'CTNNB1'], ['CREBBP', 'LAMC3', 'EPAS1'], ['CREBBP', 'E2F1', 'EPAS1'], ['E2F2', 'E2F1', 'EPAS1'], ['EP300', 'DVL1', 'CKS1B'], ['E2F2', 'EPAS1', 'CKS1B'], ['EP300', 'EPAS1', 'CKS1B']]"
93,93,2,0.7558992505073547,0.8027538657188416,0.046854615211486816,"[92, 204, 357, 359, 396, 431, 526, 547, 583, 831, 893, 931, 932, 1000, 1009, 1022, 1023, 1222, 1223, 1273, 1373, 1374]","[['E2F2', 'E2F1', 'CDKN2A'], ['E2F2', 'CDK6', 'CDKN2A'], ['E2F1', 'DVL1', 'CDKN2A'], ['E2F2', 'E2F1', 'DVL1'], ['E2F2', 'DVL1', 'CKS1B'], ['COL4A4', 'CDK6', 'E2F3'], ['CTNNA1', 'COL4A4', 'E2F3'], ['RALBP1', 'CDK6', 'E2F3'], ['E2F2', 'RALBP1', 'CDK6'], ['CTNNA1', 'COL4A4', 'CDK6'], ['E2F2', 'RALBP1', 'CKS1B'], ['CTNNA1', 'CDK6', 'CDKN2A'], ['CTNNA1', 'DVL1', 'CDKN2A'], ['RALBP1', 'E2F3', 'AKT1'], ['DVL2', 'EP300', 'DVL1'], ['RALBP1', 'EP300', 'CKS1B'], ['EP300', 'DVL1', 'CKS1B'], ['CTNNA1', 'DVL1', 'AKT1'], ['CTNNA1', 'E2F3', 'AKT1'], ['DVL2', 'RALBP1', 'EP300'], ['DVL2', 'RALBP1', 'AKT1'], ['DVL2', 'DVL1', 'AKT1']]"
94,94,2,0.757162868976593,0.7921484708786011,0.03498560190200806,"[143, 262, 301, 359, 396, 547, 583, 730, 759, 893, 1000, 1009, 1022, 1023, 1273, 1373, 1381, 1382]","[['E2F2', 'CDK6', 'E2F3'], ['E2F2', 'E2F1', 'E2F3'], ['E2F1', 'E2F3', 'CDK4'], ['E2F2', 'E2F1', 'DVL1'], ['E2F2', 'DVL1', 'CKS1B'], ['RALBP1', 'CDK6', 'E2F3'], ['E2F2', 'RALBP1', 'CDK6'], ['DVL2', 'E2F1', 'DVL1'], ['DVL2', 'E2F1', 'CDK4'], ['E2F2', 'RALBP1', 'CKS1B'], ['RALBP1', 'E2F3', 'AKT1'], ['DVL2', 'EP300', 'DVL1'], ['RALBP1', 'EP300', 'CKS1B'], ['EP300', 'DVL1', 'CKS1B'], ['DVL2', 'RALBP1', 'EP300'], ['DVL2', 'RALBP1', 'AKT1'], ['DVL2', 'CDK4', 'AKT1'], ['E2F3', 'CDK4', 'AKT1']]"
95,95,2,0.7751071453094482,0.8064405918121338,0.03133344650268555,"[71, 92, 97, 119, 122, 136, 176, 204, 350, 357, 367, 403, 431, 443, 490, 515, 526, 530, 725, 726, 764, 831, 854, 855, 931, 932, 1020, 1075, 1206, 1217, 1222, 1223, 2069, 2070]","[['CREBBP', 'EP300', 'CHUK'], ['E2F2', 'E2F1', 'CDKN2A'], ['EP300', 'CTBP1', 'CHUK'], ['CREBBP', 'RASSF1', 'CHUK'], ['RASSF1', 'DAPK3', 'CHUK'], ['CTBP1', 'DAPK3', 'CHUK'], ['RASSF1', 'EP300', 'CTBP1'], ['E2F2', 'CDK6', 'CDKN2A'], ['RASSF1', 'DVL1', 'CTBP1'], ['E2F1', 'DVL1', 'CDKN2A'], ['CREBBP', 'RASSF1', 'DAPK3'], ['AKT1', 'CTBP1', 'DAPK3'], ['COL4A4', 'CDK6', 'E2F3'], ['CDK6', 'E2F3', 'TFG'], ['E2F3', 'TFG', 'AKT1'], ['RASSF1', 'EP300', 'DVL1'], ['CTNNA1', 'COL4A4', 'E2F3'], ['E2F2', 'CDK6', 'TFG'], ['CREBBP', 'EP300', 'CTNNB1'], ['CREBBP', 'E2F1', 'CTNNB1'], ['E2F2', 'E2F1', 'TFG'], ['CTNNA1', 'COL4A4', 'CDK6'], ['EP300', 'DVL1', 'CTNNB1'], ['E2F1', 'DVL1', 'CTNNB1'], ['CTNNA1', 'CDK6', 'CDKN2A'], ['CTNNA1', 'DVL1', 'CDKN2A'], ['APC2', 'AKT1', 'DAPK3'], ['DVL1', 'AKT1', 'CTBP1'], ['CREBBP', 'E2F1', 'TFG'], ['CREBBP', 'APC2', 'DAPK3'], ['CTNNA1', 'DVL1', 'AKT1'], ['CTNNA1', 'E2F3', 'AKT1'], ['CREBBP', 'TFG', 'APC2'], ['TFG', 'APC2', 'AKT1']]"
96,96,2,0.7758738994598389,0.7911970019340515,0.015323102474212646,"[115, 252, 295, 367, 445, 492, 692, 693, 862, 863, 867, 927, 1308, 1674, 2101, 2102]","[['CREBBP', 'RASSF1', 'EP300'], ['RASSF1', 'EP300', 'DAPK3'], ['LAMC3', 'COL4A2', 'DAPK3'], ['CREBBP', 'RASSF1', 'DAPK3'], ['EP300', 'DAPK3', 'CEBPA'], ['CREBBP', 'LAMC3', 'DAPK3'], ['CREBBP', 'EP300', 'CEBPA'], ['CREBBP', 'CDKN1A', 'CEBPA'], ['LAMC3', 'EPAS1', 'COL4A1'], ['LAMC3', 'COL4A2', 'COL4A1'], ['CREBBP', 'LAMC3', 'EPAS1'], ['COL4A2', 'DAPK3', 'CEBPA'], ['CDKN1A', 'COL4A2', 'CEBPA'], ['CREBBP', 'EPAS1', 'CDKN1A'], ['EPAS1', 'CDKN1A', 'COL4A1'], ['CDKN1A', 'COL4A2', 'COL4A1']]"
97,97,2,0.7787026762962341,0.7916849851608276,0.012982308864593506,"[81, 609, 633, 634, 878, 881, 900, 1421, 1548, 1716, 2269, 2270]","[['E2F2', 'E2F1', 'CDK2'], ['E2F1', 'EPAS1', 'CDK2'], ['COL4A4', 'EPAS1', 'AKT3'], ['COL4A4', 'EPAS1', 'CSF1R'], ['E2F2', 'E2F1', 'EPAS1'], ['E2F2', 'EPAS1', 'AKT3'], ['EPAS1', 'CDK2', 'CSF1R'], ['COL4A4', 'AKT3', 'CSF1R'], ['E2F2', 'RALBP1', 'AKT3'], ['E2F2', 'RALBP1', 'CDK2'], ['RALBP1', 'AKT3', 'CSF1R'], ['RALBP1', 'CDK2', 'CSF1R']]"
98,98,2,0.7842058539390564,0.8052284717559814,0.02102261781692505,"[57, 71, 92, 97, 119, 122, 136, 152, 176, 204, 350, 357, 367, 403, 431, 515, 526, 543, 547, 581, 583, 730, 759, 831, 893, 931, 932, 1000, 1009, 1020, 1022, 1024, 1075, 1217, 1220, 1222, 1223, 1273, 1373, 1381, 2481, 2484]","[['E2F2', 'E2F1', 'CKS1B'], ['CREBBP', 'EP300', 'CHUK'], ['E2F2', 'E2F1', 'CDKN2A'], ['EP300', 'CTBP1', 'CHUK'], ['CREBBP', 'RASSF1', 'CHUK'], ['RASSF1', 'DAPK3', 'CHUK'], ['CTBP1', 'DAPK3', 'CHUK'], ['E2F1', 'CDK4', 'CKS1B'], ['RASSF1', 'EP300', 'CTBP1'], ['E2F2', 'CDK6', 'CDKN2A'], ['RASSF1', 'DVL1', 'CTBP1'], ['E2F1', 'DVL1', 'CDKN2A'], ['CREBBP', 'RASSF1', 'DAPK3'], ['AKT1', 'CTBP1', 'DAPK3'], ['COL4A4', 'CDK6', 'E2F3'], ['RASSF1', 'EP300', 'DVL1'], ['CTNNA1', 'COL4A4', 'E2F3'], ['CDK4', 'CKS1B', 'EGLN2'], ['RALBP1', 'CDK6', 'E2F3'], ['CREBBP', 'EP300', 'EGLN2'], ['E2F2', 'RALBP1', 'CDK6'], ['DVL2', 'E2F1', 'DVL1'], ['DVL2', 'E2F1', 'CDK4'], ['CTNNA1', 'COL4A4', 'CDK6'], ['E2F2', 'RALBP1', 'CKS1B'], ['CTNNA1', 'CDK6', 'CDKN2A'], ['CTNNA1', 'DVL1', 'CDKN2A'], ['RALBP1', 'E2F3', 'AKT1'], ['DVL2', 'EP300', 'DVL1'], ['APC2', 'AKT1', 'DAPK3'], ['RALBP1', 'EP300', 'CKS1B'], ['EP300', 'CKS1B', 'EGLN2'], ['DVL1', 'AKT1', 'CTBP1'], ['CREBBP', 'APC2', 'DAPK3'], ['CREBBP', 'APC2', 'EGLN2'], ['CTNNA1', 'DVL1', 'AKT1'], ['CTNNA1', 'E2F3', 'AKT1'], ['DVL2', 'RALBP1', 'EP300'], ['DVL2', 'RALBP1', 'AKT1'], ['DVL2', 'CDK4', 'AKT1'], ['APC2', 'CDK4', 'AKT1'], ['APC2', 'CDK4', 'EGLN2']]"
99,99,2,0.7844408750534058,0.784563422203064,0.00012254714965820312,"[92, 115, 195, 350, 357, 515, 558, 723, 725, 726, 854, 855, 872, 878, 888, 1529, 2518, 2529]","[['E2F2', 'E2F1', 'CDKN2A'], ['CREBBP', 'RASSF1', 'EP300'], ['CREBBP', 'RASSF1', 'CTBP1'], ['RASSF1', 'DVL1', 'CTBP1'], ['E2F1', 'DVL1', 'CDKN2A'], ['RASSF1', 'EP300', 'DVL1'], ['DVL2', 'DVL1', 'CTBP1'], ['DVL2', 'DVL1', 'CDKN2A'], ['CREBBP', 'EP300', 'CTNNB1'], ['CREBBP', 'E2F1', 'CTNNB1'], ['EP300', 'DVL1', 'CTNNB1'], ['E2F1', 'DVL1', 'CTNNB1'], ['CREBBP', 'E2F1', 'EPAS1'], ['E2F2', 'E2F1', 'EPAS1'], ['DVL2', 'CDKN2A', 'CTBP1'], ['E2F2', 'EPAS1', 'CDKN2A'], ['CREBBP', 'EPAS1', 'CTBP1'], ['EPAS1', 'CDKN2A', 'CTBP1']]"
100,100,2,0.7868317365646362,0.8025944828987122,0.015762746334075928,"[63, 71, 92, 97, 113, 130, 144, 162, 164, 176, 289, 291, 329, 350, 357, 382, 515, 606, 623, 626, 633, 634, 646, 669, 723, 725, 726, 854, 855, 867, 872, 878, 881, 2034, 2735, 2741]","[['CREBBP', 'EP300', 'CSF2RA'], ['CREBBP', 'EP300', 'CHUK'], ['E2F2', 'E2F1', 'CDKN2A'], ['EP300', 'CTBP1', 'CHUK'], ['COL4A4', 'EP300', 'CSF2RA'], ['CREBBP', 'COL4A4', 'EP300'], ['E2F2', 'CDK6', 'DAPK1'], ['CDK6', 'AKT3', 'DAPK1'], ['E2F2', 'CDKN2A', 'DAPK1'], ['RASSF1', 'EP300', 'CTBP1'], ['COL4A4', 'AKT3', 'DAPK1'], ['DVL1', 'CTBP1', 'CHUK'], ['DVL2', 'DVL1', 'CHUK'], ['RASSF1', 'DVL1', 'CTBP1'], ['E2F1', 'DVL1', 'CDKN2A'], ['EPAS1', 'CSF1R', 'CSF2RA'], ['RASSF1', 'EP300', 'DVL1'], ['COL4A4', 'CSF1R', 'CSF2RA'], ['CREBBP', 'LAMC3', 'CSF2RA'], ['LAMC3', 'EPAS1', 'CSF2RA'], ['COL4A4', 'EPAS1', 'AKT3'], ['COL4A4', 'EPAS1', 'CSF1R'], ['E2F2', 'CDK6', 'AKT3'], ['CREBBP', 'COL4A4', 'DAPK1'], ['DVL2', 'DVL1', 'CDKN2A'], ['CREBBP', 'EP300', 'CTNNB1'], ['CREBBP', 'E2F1', 'CTNNB1'], ['EP300', 'DVL1', 'CTNNB1'], ['E2F1', 'DVL1', 'CTNNB1'], ['CREBBP', 'LAMC3', 'EPAS1'], ['CREBBP', 'E2F1', 'EPAS1'], ['E2F2', 'E2F1', 'EPAS1'], ['E2F2', 'EPAS1', 'AKT3'], ['CREBBP', 'DAPK1', 'CHUK'], ['DVL2', 'CDKN2A', 'CHUK'], ['CDKN2A', 'DAPK1', 'CHUK']]"
101,101,2,0.786906361579895,0.8027538657188416,0.015847504138946533,"[71, 97, 119, 122, 136, 138, 143, 176, 260, 262, 350, 359, 367, 396, 515, 547, 583, 730, 893, 962, 1007, 1022, 1023, 1167, 1464, 2711, 2743, 2744]","[['CREBBP', 'EP300', 'CHUK'], ['EP300', 'CTBP1', 'CHUK'], ['CREBBP', 'RASSF1', 'CHUK'], ['RASSF1', 'DAPK3', 'CHUK'], ['CTBP1', 'DAPK3', 'CHUK'], ['DVL1', 'CTBP1', 'DAPK3'], ['E2F2', 'CDK6', 'E2F3'], ['RASSF1', 'EP300', 'CTBP1'], ['DVL2', 'DVL1', 'DAPK3'], ['E2F2', 'E2F1', 'E2F3'], ['RASSF1', 'DVL1', 'CTBP1'], ['E2F2', 'E2F1', 'DVL1'], ['CREBBP', 'RASSF1', 'DAPK3'], ['E2F2', 'DVL1', 'CKS1B'], ['RASSF1', 'EP300', 'DVL1'], ['RALBP1', 'CDK6', 'E2F3'], ['E2F2', 'RALBP1', 'CDK6'], ['DVL2', 'E2F1', 'DVL1'], ['E2F2', 'RALBP1', 'CKS1B'], ['CREBBP', 'CRKL', 'EP300'], ['RALBP1', 'CRKL', 'EP300'], ['RALBP1', 'EP300', 'CKS1B'], ['EP300', 'DVL1', 'CKS1B'], ['CREBBP', 'CRKL', 'DAPK3'], ['DVL2', 'E2F1', 'DAPK3'], ['RALBP1', 'CRKL', 'E2F3'], ['CRKL', 'E2F3', 'DAPK3'], ['E2F1', 'E2F3', 'DAPK3']]"
102,102,2,0.786906361579895,0.8019658327102661,0.015059471130371094,"[143, 359, 396, 547, 583, 725, 726, 854, 855, 872, 878, 893, 962, 1007, 1022, 1023, 1167, 1500, 1674, 2224, 2284, 2711, 2743, 2746]","[['E2F2', 'CDK6', 'E2F3'], ['E2F2', 'E2F1', 'DVL1'], ['E2F2', 'DVL1', 'CKS1B'], ['RALBP1', 'CDK6', 'E2F3'], ['E2F2', 'RALBP1', 'CDK6'], ['CREBBP', 'EP300', 'CTNNB1'], ['CREBBP', 'E2F1', 'CTNNB1'], ['EP300', 'DVL1', 'CTNNB1'], ['E2F1', 'DVL1', 'CTNNB1'], ['CREBBP', 'E2F1', 'EPAS1'], ['E2F2', 'E2F1', 'EPAS1'], ['E2F2', 'RALBP1', 'CKS1B'], ['CREBBP', 'CRKL', 'EP300'], ['RALBP1', 'CRKL', 'EP300'], ['RALBP1', 'EP300', 'CKS1B'], ['EP300', 'DVL1', 'CKS1B'], ['CREBBP', 'CRKL', 'DAPK3'], ['CREBBP', 'CDKN1A', 'DAPK3'], ['CREBBP', 'EPAS1', 'CDKN1A'], ['E2F2', 'E2F3', 'EPAS1'], ['E2F3', 'EPAS1', 'CDKN1A'], ['RALBP1', 'CRKL', 'E2F3'], ['CRKL', 'E2F3', 'DAPK3'], ['E2F3', 'CDKN1A', 'DAPK3']]"
103,103,2,0.786906361579895,0.7950479984283447,0.008141636848449707,"[63, 113, 130, 143, 144, 162, 166, 289, 359, 382, 396, 547, 583, 606, 623, 626, 633, 634, 646, 669, 725, 726, 854, 855, 867, 872, 878, 881, 893, 962, 1002, 1007, 1022, 1023, 1167, 2711, 2743, 2753]","[['CREBBP', 'EP300', 'CSF2RA'], ['COL4A4', 'EP300', 'CSF2RA'], ['CREBBP', 'COL4A4', 'EP300'], ['E2F2', 'CDK6', 'E2F3'], ['E2F2', 'CDK6', 'DAPK1'], ['CDK6', 'AKT3', 'DAPK1'], ['E2F2', 'E2F3', 'DAPK1'], ['COL4A4', 'AKT3', 'DAPK1'], ['E2F2', 'E2F1', 'DVL1'], ['EPAS1', 'CSF1R', 'CSF2RA'], ['E2F2', 'DVL1', 'CKS1B'], ['RALBP1', 'CDK6', 'E2F3'], ['E2F2', 'RALBP1', 'CDK6'], ['COL4A4', 'CSF1R', 'CSF2RA'], ['CREBBP', 'LAMC3', 'CSF2RA'], ['LAMC3', 'EPAS1', 'CSF2RA'], ['COL4A4', 'EPAS1', 'AKT3'], ['COL4A4', 'EPAS1', 'CSF1R'], ['E2F2', 'CDK6', 'AKT3'], ['CREBBP', 'COL4A4', 'DAPK1'], ['CREBBP', 'EP300', 'CTNNB1'], ['CREBBP', 'E2F1', 'CTNNB1'], ['EP300', 'DVL1', 'CTNNB1'], ['E2F1', 'DVL1', 'CTNNB1'], ['CREBBP', 'LAMC3', 'EPAS1'], ['CREBBP', 'E2F1', 'EPAS1'], ['E2F2', 'E2F1', 'EPAS1'], ['E2F2', 'EPAS1', 'AKT3'], ['E2F2', 'RALBP1', 'CKS1B'], ['CREBBP', 'CRKL', 'EP300'], ['CREBBP', 'DAPK3', 'DAPK1'], ['RALBP1', 'CRKL', 'EP300'], ['RALBP1', 'EP300', 'CKS1B'], ['EP300', 'DVL1', 'CKS1B'], ['CREBBP', 'CRKL', 'DAPK3'], ['RALBP1', 'CRKL', 'E2F3'], ['CRKL', 'E2F3', 'DAPK3'], ['E2F3', 'DAPK3', 'DAPK1']]"
104,104,2,0.787987232208252,0.7952079772949219,0.007220745086669922,"[590, 734, 862, 867, 1396, 1674, 2101, 2680, 2764, 2765]","[['CREBBP', 'LAMC3', 'EP300'], ['CREBBP', 'EP300', 'CDKN1A'], ['LAMC3', 'EPAS1', 'COL4A1'], ['CREBBP', 'LAMC3', 'EPAS1'], ['LAMC3', 'CDKN1B', 'COL4A1'], ['CREBBP', 'EPAS1', 'CDKN1A'], ['EPAS1', 'CDKN1A', 'COL4A1'], ['LAMC3', 'EP300', 'CDKN1B'], ['EP300', 'CDKN1B', 'CDKN1A'], ['CDKN1B', 'CDKN1A', 'COL4A1']]"
105,105,2,0.790569543838501,0.8031082153320312,0.012538671493530273,"[71, 92, 97, 115, 119, 122, 136, 176, 204, 252, 350, 357, 403, 431, 443, 445, 490, 515, 526, 530, 692, 725, 726, 764, 831, 854, 855, 931, 932, 1075, 1206, 1222, 1223, 1227, 2931, 2932]","[['CREBBP', 'EP300', 'CHUK'], ['E2F2', 'E2F1', 'CDKN2A'], ['EP300', 'CTBP1', 'CHUK'], ['CREBBP', 'RASSF1', 'EP300'], ['CREBBP', 'RASSF1', 'CHUK'], ['RASSF1', 'DAPK3', 'CHUK'], ['CTBP1', 'DAPK3', 'CHUK'], ['RASSF1', 'EP300', 'CTBP1'], ['E2F2', 'CDK6', 'CDKN2A'], ['RASSF1', 'EP300', 'DAPK3'], ['RASSF1', 'DVL1', 'CTBP1'], ['E2F1', 'DVL1', 'CDKN2A'], ['AKT1', 'CTBP1', 'DAPK3'], ['COL4A4', 'CDK6', 'E2F3'], ['CDK6', 'E2F3', 'TFG'], ['EP300', 'DAPK3', 'CEBPA'], ['E2F3', 'TFG', 'AKT1'], ['RASSF1', 'EP300', 'DVL1'], ['CTNNA1', 'COL4A4', 'E2F3'], ['E2F2', 'CDK6', 'TFG'], ['CREBBP', 'EP300', 'CEBPA'], ['CREBBP', 'EP300', 'CTNNB1'], ['CREBBP', 'E2F1', 'CTNNB1'], ['E2F2', 'E2F1', 'TFG'], ['CTNNA1', 'COL4A4', 'CDK6'], ['EP300', 'DVL1', 'CTNNB1'], ['E2F1', 'DVL1', 'CTNNB1'], ['CTNNA1', 'CDK6', 'CDKN2A'], ['CTNNA1', 'DVL1', 'CDKN2A'], ['DVL1', 'AKT1', 'CTBP1'], ['CREBBP', 'E2F1', 'TFG'], ['CTNNA1', 'DVL1', 'AKT1'], ['CTNNA1', 'E2F3', 'AKT1'], ['AKT1', 'DAPK3', 'CEBPA'], ['CREBBP', 'TFG', 'CEBPA'], ['TFG', 'AKT1', 'CEBPA']]"
106,106,2,0.7937988638877869,0.8084498643875122,0.014651000499725342,"[71, 97, 115, 119, 122, 136, 138, 176, 252, 350, 445, 515, 692, 842, 917, 927, 1009, 1306, 1590, 1992, 1995, 2277, 3193, 3196]","[['CREBBP', 'EP300', 'CHUK'], ['EP300', 'CTBP1', 'CHUK'], ['CREBBP', 'RASSF1', 'EP300'], ['CREBBP', 'RASSF1', 'CHUK'], ['RASSF1', 'DAPK3', 'CHUK'], ['CTBP1', 'DAPK3', 'CHUK'], ['DVL1', 'CTBP1', 'DAPK3'], ['RASSF1', 'EP300', 'CTBP1'], ['RASSF1', 'EP300', 'DAPK3'], ['RASSF1', 'DVL1', 'CTBP1'], ['EP300', 'DAPK3', 'CEBPA'], ['RASSF1', 'EP300', 'DVL1'], ['CREBBP', 'EP300', 'CEBPA'], ['DVL1', 'COL4A2', 'DAPK3'], ['CREBBP', 'EP300', 'CDKN2B'], ['COL4A2', 'DAPK3', 'CEBPA'], ['DVL2', 'EP300', 'DVL1'], ['EP300', 'EGF', 'CDKN2B'], ['DVL2', 'DVL1', 'COL4A2'], ['CREBBP', 'CDKN2B', 'CEBPA'], ['COL4A2', 'CDKN2B', 'CEBPA'], ['DVL2', 'EP300', 'EGF'], ['DVL2', 'COL4A2', 'EGF'], ['COL4A2', 'EGF', 'CDKN2B']]"
107,107,2,0.7944186925888062,0.8311654925346375,0.0367467999458313,"[63, 74, 149, 359, 396, 443, 530, 641, 646, 725, 726, 764, 818, 829, 854, 855, 893, 1007, 1022, 1023, 1131, 1206, 1216, 1548, 1653, 1666, 2069, 2642, 3229, 3237]","[['CREBBP', 'EP300', 'CSF2RA'], ['CTNNA2', 'APC2', 'DCC'], ['CDK6', 'E2F3', 'AKT3'], ['E2F2', 'E2F1', 'DVL1'], ['E2F2', 'DVL1', 'CKS1B'], ['CDK6', 'E2F3', 'TFG'], ['E2F2', 'CDK6', 'TFG'], ['CREBBP', 'CTNNA2', 'DCC'], ['E2F2', 'CDK6', 'AKT3'], ['CREBBP', 'EP300', 'CTNNB1'], ['CREBBP', 'E2F1', 'CTNNB1'], ['E2F2', 'E2F1', 'TFG'], ['CREBBP', 'DCC', 'CSF2RA'], ['CRKL', 'EP300', 'CSF2RA'], ['EP300', 'DVL1', 'CTNNB1'], ['E2F1', 'DVL1', 'CTNNB1'], ['E2F2', 'RALBP1', 'CKS1B'], ['RALBP1', 'CRKL', 'EP300'], ['RALBP1', 'EP300', 'CKS1B'], ['EP300', 'DVL1', 'CKS1B'], ['RALBP1', 'CRKL', 'CSF2RA'], ['CREBBP', 'E2F1', 'TFG'], ['CREBBP', 'CTNNA2', 'APC2'], ['E2F2', 'RALBP1', 'AKT3'], ['RALBP1', 'AKT3', 'CSF2RA'], ['AKT3', 'DCC', 'CSF2RA'], ['CREBBP', 'TFG', 'APC2'], ['E2F3', 'TFG', 'APC2'], ['E2F3', 'APC2', 'AKT3'], ['APC2', 'AKT3', 'DCC']]"
108,108,2,0.7953780889511108,0.798979640007019,0.003601551055908203,"[143, 359, 396, 547, 583, 725, 726, 854, 855, 872, 878, 893, 962, 1007, 1022, 1023, 1232, 1674, 2224, 2284, 3370, 3375]","[['E2F2', 'CDK6', 'E2F3'], ['E2F2', 'E2F1', 'DVL1'], ['E2F2', 'DVL1', 'CKS1B'], ['RALBP1', 'CDK6', 'E2F3'], ['E2F2', 'RALBP1', 'CDK6'], ['CREBBP', 'EP300', 'CTNNB1'], ['CREBBP', 'E2F1', 'CTNNB1'], ['EP300', 'DVL1', 'CTNNB1'], ['E2F1', 'DVL1', 'CTNNB1'], ['CREBBP', 'E2F1', 'EPAS1'], ['E2F2', 'E2F1', 'EPAS1'], ['E2F2', 'RALBP1', 'CKS1B'], ['CREBBP', 'CRKL', 'EP300'], ['RALBP1', 'CRKL', 'EP300'], ['RALBP1', 'EP300', 'CKS1B'], ['EP300', 'DVL1', 'CKS1B'], ['CREBBP', 'RALBP1', 'CRKL'], ['CREBBP', 'EPAS1', 'CDKN1A'], ['E2F2', 'E2F3', 'EPAS1'], ['E2F3', 'EPAS1', 'CDKN1A'], ['CREBBP', 'RALBP1', 'CDKN1A'], ['RALBP1', 'E2F3', 'CDKN1A']]"
109,109,2,0.7955859899520874,0.8014496564865112,0.005863666534423828,"[63, 71, 92, 97, 113, 115, 119, 122, 136, 176, 204, 252, 350, 357, 382, 403, 405, 445, 515, 606, 623, 626, 633, 634, 646, 725, 726, 831, 854, 855, 867, 872, 878, 881, 931, 932, 939, 1075, 1222, 1227, 2805, 2885, 3380, 3395]","[['CREBBP', 'EP300', 'CSF2RA'], ['CREBBP', 'EP300', 'CHUK'], ['E2F2', 'E2F1', 'CDKN2A'], ['EP300', 'CTBP1', 'CHUK'], ['COL4A4', 'EP300', 'CSF2RA'], ['CREBBP', 'RASSF1', 'EP300'], ['CREBBP', 'RASSF1', 'CHUK'], ['RASSF1', 'DAPK3', 'CHUK'], ['CTBP1', 'DAPK3', 'CHUK'], ['RASSF1', 'EP300', 'CTBP1'], ['E2F2', 'CDK6', 'CDKN2A'], ['RASSF1', 'EP300', 'DAPK3'], ['RASSF1', 'DVL1', 'CTBP1'], ['E2F1', 'DVL1', 'CDKN2A'], ['EPAS1', 'CSF1R', 'CSF2RA'], ['AKT1', 'CTBP1', 'DAPK3'], ['COL4A4', 'CDK6', 'AKT3'], ['EP300', 'DAPK3', 'CEBPA'], ['RASSF1', 'EP300', 'DVL1'], ['COL4A4', 'CSF1R', 'CSF2RA'], ['CREBBP', 'LAMC3', 'CSF2RA'], ['LAMC3', 'EPAS1', 'CSF2RA'], ['COL4A4', 'EPAS1', 'AKT3'], ['COL4A4', 'EPAS1', 'CSF1R'], ['E2F2', 'CDK6', 'AKT3'], ['CREBBP', 'EP300', 'CTNNB1'], ['CREBBP', 'E2F1', 'CTNNB1'], ['CTNNA1', 'COL4A4', 'CDK6'], ['EP300', 'DVL1', 'CTNNB1'], ['E2F1', 'DVL1', 'CTNNB1'], ['CREBBP', 'LAMC3', 'EPAS1'], ['CREBBP', 'E2F1', 'EPAS1'], ['E2F2', 'E2F1', 'EPAS1'], ['E2F2', 'EPAS1', 'AKT3'], ['CTNNA1', 'CDK6', 'CDKN2A'], ['CTNNA1', 'DVL1', 'CDKN2A'], ['CTNNA1', 'COL4A4', 'EGFR'], ['DVL1', 'AKT1', 'CTBP1'], ['CTNNA1', 'DVL1', 'AKT1'], ['AKT1', 'DAPK3', 'CEBPA'], ['COL4A4', 'EP300', 'EGFR'], ['EP300', 'EGFR', 'CEBPA'], ['CTNNA1', 'AKT1', 'EGFR'], ['AKT1', 'EGFR', 'CEBPA']]"
110,110,2,0.796642541885376,0.7996969223022461,0.003054380416870117,"[71, 97, 119, 122, 136, 138, 149, 176, 295, 327, 350, 359, 367, 396, 492, 515, 547, 583, 646, 725, 726, 842, 854, 855, 862, 863, 867, 872, 878, 881, 893, 1000, 1009, 1022, 1023, 1273, 1373, 1590, 1602, 2731, 3448, 3449]","[['CREBBP', 'EP300', 'CHUK'], ['EP300', 'CTBP1', 'CHUK'], ['CREBBP', 'RASSF1', 'CHUK'], ['RASSF1', 'DAPK3', 'CHUK'], ['CTBP1', 'DAPK3', 'CHUK'], ['DVL1', 'CTBP1', 'DAPK3'], ['CDK6', 'E2F3', 'AKT3'], ['RASSF1', 'EP300', 'CTBP1'], ['LAMC3', 'COL4A2', 'DAPK3'], ['E2F3', 'AKT3', 'AKT1'], ['RASSF1', 'DVL1', 'CTBP1'], ['E2F2', 'E2F1', 'DVL1'], ['CREBBP', 'RASSF1', 'DAPK3'], ['E2F2', 'DVL1', 'CKS1B'], ['CREBBP', 'LAMC3', 'DAPK3'], ['RASSF1', 'EP300', 'DVL1'], ['RALBP1', 'CDK6', 'E2F3'], ['E2F2', 'RALBP1', 'CDK6'], ['E2F2', 'CDK6', 'AKT3'], ['CREBBP', 'EP300', 'CTNNB1'], ['CREBBP', 'E2F1', 'CTNNB1'], ['DVL1', 'COL4A2', 'DAPK3'], ['EP300', 'DVL1', 'CTNNB1'], ['E2F1', 'DVL1', 'CTNNB1'], ['LAMC3', 'EPAS1', 'COL4A1'], ['LAMC3', 'COL4A2', 'COL4A1'], ['CREBBP', 'LAMC3', 'EPAS1'], ['CREBBP', 'E2F1', 'EPAS1'], ['E2F2', 'E2F1', 'EPAS1'], ['E2F2', 'EPAS1', 'AKT3'], ['E2F2', 'RALBP1', 'CKS1B'], ['RALBP1', 'E2F3', 'AKT1'], ['DVL2', 'EP300', 'DVL1'], ['RALBP1', 'EP300', 'CKS1B'], ['EP300', 'DVL1', 'CKS1B'], ['DVL2', 'RALBP1', 'EP300'], ['DVL2', 'RALBP1', 'AKT1'], ['DVL2', 'DVL1', 'COL4A2'], ['DVL2', 'COL4A2', 'AKT1'], ['EPAS1', 'AKT3', 'COL4A1'], ['AKT3', 'AKT1', 'COL4A1'], ['COL4A2', 'AKT1', 'COL4A1']]"
111,111,2,0.7986832857131958,0.798979640007019,0.0002963542938232422,"[81, 359, 396, 590, 609, 725, 726, 854, 855, 867, 872, 893, 1022, 1023, 1716, 2679, 2680, 3361, 3397, 3398, 3605, 3606]","[['E2F2', 'E2F1', 'CDK2'], ['E2F2', 'E2F1', 'DVL1'], ['E2F2', 'DVL1', 'CKS1B'], ['CREBBP', 'LAMC3', 'EP300'], ['E2F1', 'EPAS1', 'CDK2'], ['CREBBP', 'EP300', 'CTNNB1'], ['CREBBP', 'E2F1', 'CTNNB1'], ['EP300', 'DVL1', 'CTNNB1'], ['E2F1', 'DVL1', 'CTNNB1'], ['CREBBP', 'LAMC3', 'EPAS1'], ['CREBBP', 'E2F1', 'EPAS1'], ['E2F2', 'RALBP1', 'CKS1B'], ['RALBP1', 'EP300', 'CKS1B'], ['EP300', 'DVL1', 'CKS1B'], ['E2F2', 'RALBP1', 'CDK2'], ['RALBP1', 'EP300', 'CDKN1B'], ['LAMC3', 'EP300', 'CDKN1B'], ['LAMC3', 'CDKN1B', 'EPAS1'], ['RALBP1', 'CDKN1B', 'EGLN3'], ['CDKN1B', 'EPAS1', 'EGLN3'], ['RALBP1', 'CDK2', 'EGLN3'], ['EPAS1', 'CDK2', 'EGLN3']]"
112,112,2,0.8010843992233276,0.8164056539535522,0.01532125473022461,"[115, 143, 252, 262, 277, 359, 367, 396, 445, 456, 547, 583, 692, 700, 709, 715, 725, 726, 854, 855, 893, 912, 927, 962, 1007, 1022, 1023, 1167, 1992, 1995, 2711, 3017, 3836, 3841]","[['CREBBP', 'RASSF1', 'EP300'], ['E2F2', 'CDK6', 'E2F3'], ['RASSF1', 'EP300', 'DAPK3'], ['E2F2', 'E2F1', 'E2F3'], ['E2F1', 'E2F3', 'DVL3'], ['E2F2', 'E2F1', 'DVL1'], ['CREBBP', 'RASSF1', 'DAPK3'], ['E2F2', 'DVL1', 'CKS1B'], ['EP300', 'DAPK3', 'CEBPA'], ['E2F2', 'E2F1', 'DVL3'], ['RALBP1', 'CDK6', 'E2F3'], ['E2F2', 'RALBP1', 'CDK6'], ['CREBBP', 'EP300', 'CEBPA'], ['E2F2', 'E2F1', 'CDKN2B'], ['E2F2', 'CDKN2B', 'DVL3'], ['COL4A2', 'CDKN2B', 'DVL3'], ['CREBBP', 'EP300', 'CTNNB1'], ['CREBBP', 'E2F1', 'CTNNB1'], ['EP300', 'DVL1', 'CTNNB1'], ['E2F1', 'DVL1', 'CTNNB1'], ['E2F2', 'RALBP1', 'CKS1B'], ['CREBBP', 'E2F1', 'CDKN2B'], ['COL4A2', 'DAPK3', 'CEBPA'], ['CREBBP', 'CRKL', 'EP300'], ['RALBP1', 'CRKL', 'EP300'], ['RALBP1', 'EP300', 'CKS1B'], ['EP300', 'DVL1', 'CKS1B'], ['CREBBP', 'CRKL', 'DAPK3'], ['CREBBP', 'CDKN2B', 'CEBPA'], ['COL4A2', 'CDKN2B', 'CEBPA'], ['RALBP1', 'CRKL', 'E2F3'], ['CRKL', 'E2F3', 'DVL3'], ['CRKL', 'DVL3', 'DAPK3'], ['COL4A2', 'DVL3', 'DAPK3']]"
113,113,2,0.8067365884780884,0.807653546333313,0.0009169578552246094,"[63, 113, 130, 143, 359, 382, 396, 405, 431, 606, 623, 626, 633, 634, 646, 725, 726, 854, 855, 867, 872, 878, 881, 893, 962, 1007, 1022, 1023, 1232, 1240, 1874, 2755, 4787, 4788]","[['CREBBP', 'EP300', 'CSF2RA'], ['COL4A4', 'EP300', 'CSF2RA'], ['CREBBP', 'COL4A4', 'EP300'], ['E2F2', 'CDK6', 'E2F3'], ['E2F2', 'E2F1', 'DVL1'], ['EPAS1', 'CSF1R', 'CSF2RA'], ['E2F2', 'DVL1', 'CKS1B'], ['COL4A4', 'CDK6', 'AKT3'], ['COL4A4', 'CDK6', 'E2F3'], ['COL4A4', 'CSF1R', 'CSF2RA'], ['CREBBP', 'LAMC3', 'CSF2RA'], ['LAMC3', 'EPAS1', 'CSF2RA'], ['COL4A4', 'EPAS1', 'AKT3'], ['COL4A4', 'EPAS1', 'CSF1R'], ['E2F2', 'CDK6', 'AKT3'], ['CREBBP', 'EP300', 'CTNNB1'], ['CREBBP', 'E2F1', 'CTNNB1'], ['EP300', 'DVL1', 'CTNNB1'], ['E2F1', 'DVL1', 'CTNNB1'], ['CREBBP', 'LAMC3', 'EPAS1'], ['CREBBP', 'E2F1', 'EPAS1'], ['E2F2', 'E2F1', 'EPAS1'], ['E2F2', 'EPAS1', 'AKT3'], ['E2F2', 'RALBP1', 'CKS1B'], ['CREBBP', 'CRKL', 'EP300'], ['RALBP1', 'CRKL', 'EP300'], ['RALBP1', 'EP300', 'CKS1B'], ['EP300', 'DVL1', 'CKS1B'], ['CREBBP', 'RALBP1', 'CRKL'], ['CREBBP', 'E2F2', 'RALBP1'], ['CREBBP', 'E2F2', 'EGF'], ['CREBBP', 'COL4A4', 'EGF'], ['E2F2', 'E2F3', 'EGF'], ['COL4A4', 'E2F3', 'EGF']]"
114,114,2,0.8079433441162109,0.8083305358886719,0.0003871917724609375,"[63, 113, 130, 143, 144, 162, 262, 289, 382, 431, 526, 606, 623, 626, 633, 634, 646, 669, 726, 831, 867, 872, 878, 881, 1948, 3445, 3446, 3520, 3799, 4776, 5054, 5055]","[['CREBBP', 'EP300', 'CSF2RA'], ['COL4A4', 'EP300', 'CSF2RA'], ['CREBBP', 'COL4A4', 'EP300'], ['E2F2', 'CDK6', 'E2F3'], ['E2F2', 'CDK6', 'DAPK1'], ['CDK6', 'AKT3', 'DAPK1'], ['E2F2', 'E2F1', 'E2F3'], ['COL4A4', 'AKT3', 'DAPK1'], ['EPAS1', 'CSF1R', 'CSF2RA'], ['COL4A4', 'CDK6', 'E2F3'], ['CTNNA1', 'COL4A4', 'E2F3'], ['COL4A4', 'CSF1R', 'CSF2RA'], ['CREBBP', 'LAMC3', 'CSF2RA'], ['LAMC3', 'EPAS1', 'CSF2RA'], ['COL4A4', 'EPAS1', 'AKT3'], ['COL4A4', 'EPAS1', 'CSF1R'], ['E2F2', 'CDK6', 'AKT3'], ['CREBBP', 'COL4A4', 'DAPK1'], ['CREBBP', 'E2F1', 'CTNNB1'], ['CTNNA1', 'COL4A4', 'CDK6'], ['CREBBP', 'LAMC3', 'EPAS1'], ['CREBBP', 'E2F1', 'EPAS1'], ['E2F2', 'E2F1', 'EPAS1'], ['E2F2', 'EPAS1', 'AKT3'], ['CREBBP', 'CTNNB1', 'DAPK1'], ['CTNNA1', 'E2F3', 'COL4A6'], ['E2F1', 'E2F3', 'COL4A6'], ['E2F2', 'CTNNA1', 'CDK6'], ['E2F2', 'CTNNA1', 'COL4A6'], ['E2F2', 'DAPK1', 'COL4A6'], ['E2F1', 'CTNNB1', 'COL4A6'], ['CTNNB1', 'DAPK1', 'COL4A6']]"
115,115,2,0.8082579374313354,0.8094889521598816,0.0012310147285461426,"[63, 359, 396, 633, 634, 700, 725, 726, 829, 854, 855, 881, 893, 912, 1007, 1022, 1023, 1285, 1421, 1462, 1548, 1732, 2269, 2913, 3673, 3726, 4887, 4891, 5326, 5329]","[['CREBBP', 'EP300', 'CSF2RA'], ['E2F2', 'E2F1', 'DVL1'], ['E2F2', 'DVL1', 'CKS1B'], ['COL4A4', 'EPAS1', 'AKT3'], ['COL4A4', 'EPAS1', 'CSF1R'], ['E2F2', 'E2F1', 'CDKN2B'], ['CREBBP', 'EP300', 'CTNNB1'], ['CREBBP', 'E2F1', 'CTNNB1'], ['CRKL', 'EP300', 'CSF2RA'], ['EP300', 'DVL1', 'CTNNB1'], ['E2F1', 'DVL1', 'CTNNB1'], ['E2F2', 'EPAS1', 'AKT3'], ['E2F2', 'RALBP1', 'CKS1B'], ['CREBBP', 'E2F1', 'CDKN2B'], ['RALBP1', 'CRKL', 'EP300'], ['RALBP1', 'EP300', 'CKS1B'], ['EP300', 'DVL1', 'CKS1B'], ['E2F2', 'EPAS1', 'CKS1B'], ['COL4A4', 'AKT3', 'CSF1R'], ['EPAS1', 'CSF3R', 'CSF1R'], ['E2F2', 'RALBP1', 'AKT3'], ['E2F2', 'CDKN2B', 'CKS1B'], ['RALBP1', 'AKT3', 'CSF1R'], ['RALBP1', 'CRKL', 'CSF1R'], ['CRKL', 'CSF3R', 'CSF1R'], ['CREBBP', 'CDKN2B', 'CSF2RA'], ['CRKL', 'CSF3R', 'CSF2RA'], ['CSF3R', 'CDKN2B', 'CSF2RA'], ['EPAS1', 'CSF3R', 'CKS1B'], ['CSF3R', 'CDKN2B', 'CKS1B']]"
116,116,2,0.8082579374313354,0.8195476531982422,0.011289715766906738,"[63, 581, 633, 634, 829, 881, 893, 1007, 1022, 1024, 1285, 1421, 1462, 1548, 2269, 2913, 3198, 3673, 4887, 4896, 5326, 5330]","[['CREBBP', 'EP300', 'CSF2RA'], ['CREBBP', 'EP300', 'EGLN2'], ['COL4A4', 'EPAS1', 'AKT3'], ['COL4A4', 'EPAS1', 'CSF1R'], ['CRKL', 'EP300', 'CSF2RA'], ['E2F2', 'EPAS1', 'AKT3'], ['E2F2', 'RALBP1', 'CKS1B'], ['RALBP1', 'CRKL', 'EP300'], ['RALBP1', 'EP300', 'CKS1B'], ['EP300', 'CKS1B', 'EGLN2'], ['E2F2', 'EPAS1', 'CKS1B'], ['COL4A4', 'AKT3', 'CSF1R'], ['EPAS1', 'CSF3R', 'CSF1R'], ['E2F2', 'RALBP1', 'AKT3'], ['RALBP1', 'AKT3', 'CSF1R'], ['RALBP1', 'CRKL', 'CSF1R'], ['CREBBP', 'CSF2RA', 'EGLN2'], ['CRKL', 'CSF3R', 'CSF1R'], ['CRKL', 'CSF3R', 'CSF2RA'], ['CSF3R', 'CSF2RA', 'EGLN2'], ['EPAS1', 'CSF3R', 'CKS1B'], ['CSF3R', 'CKS1B', 'EGLN2']]"
117,117,2,0.8109778165817261,0.8195476531982422,0.008569836616516113,"[92, 204, 357, 382, 405, 606, 623, 626, 633, 634, 646, 725, 726, 825, 831, 854, 855, 867, 872, 878, 881, 931, 932, 962, 1007, 1009, 1232, 1273, 2344, 3115, 6101, 6115]","[['E2F2', 'E2F1', 'CDKN2A'], ['E2F2', 'CDK6', 'CDKN2A'], ['E2F1', 'DVL1', 'CDKN2A'], ['EPAS1', 'CSF1R', 'CSF2RA'], ['COL4A4', 'CDK6', 'AKT3'], ['COL4A4', 'CSF1R', 'CSF2RA'], ['CREBBP', 'LAMC3', 'CSF2RA'], ['LAMC3', 'EPAS1', 'CSF2RA'], ['COL4A4', 'EPAS1', 'AKT3'], ['COL4A4', 'EPAS1', 'CSF1R'], ['E2F2', 'CDK6', 'AKT3'], ['CREBBP', 'EP300', 'CTNNB1'], ['CREBBP', 'E2F1', 'CTNNB1'], ['CTNNA1', 'COL4A4', 'CSF2RA'], ['CTNNA1', 'COL4A4', 'CDK6'], ['EP300', 'DVL1', 'CTNNB1'], ['E2F1', 'DVL1', 'CTNNB1'], ['CREBBP', 'LAMC3', 'EPAS1'], ['CREBBP', 'E2F1', 'EPAS1'], ['E2F2', 'E2F1', 'EPAS1'], ['E2F2', 'EPAS1', 'AKT3'], ['CTNNA1', 'CDK6', 'CDKN2A'], ['CTNNA1', 'DVL1', 'CDKN2A'], ['CREBBP', 'CRKL', 'EP300'], ['RALBP1', 'CRKL', 'EP300'], ['DVL2', 'EP300', 'DVL1'], ['CREBBP', 'RALBP1', 'CRKL'], ['DVL2', 'RALBP1', 'EP300'], ['DVL2', 'CREBBP', 'RALBP1'], ['DVL2', 'CREBBP', 'CSF2RA'], ['DVL2', 'CTNNA1', 'DVL1'], ['DVL2', 'CTNNA1', 'CSF2RA']]"
118,118,2,0.8116153478622437,0.8134599924087524,0.001844644546508789,"[213, 244, 245, 287, 496, 700, 764, 912, 1183, 1206, 2287, 4132, 4156, 4361, 6166, 6174]","[['E2F2', 'CDK6', 'EGFR'], ['CDK6', 'EGFR', 'CDKN2B'], ['FZD10', 'EGFR', 'CDKN2B'], ['E2F2', 'FZD10', 'EGFR'], ['E2F2', 'CDK6', 'CDKN2B'], ['E2F2', 'E2F1', 'CDKN2B'], ['E2F2', 'E2F1', 'TFG'], ['CREBBP', 'E2F1', 'CDKN2B'], ['CREBBP', 'LAMC3', 'CHUK'], ['CREBBP', 'E2F1', 'TFG'], ['E2F2', 'FZD10', 'TFG'], ['CREBBP', 'CDKN2B', 'CHUK'], ['FZD10', 'CDKN2B', 'CHUK'], ['CREBBP', 'LAMC3', 'TFG'], ['LAMC3', 'FZD10', 'TFG'], ['LAMC3', 'FZD10', 'CHUK']]"
119,119,2,0.8125811815261841,0.8138219714164734,0.0012407898902893066,"[63, 113, 130, 144, 162, 289, 382, 456, 606, 623, 626, 633, 634, 646, 669, 867, 872, 878, 881, 4093, 4776, 4929, 6026, 6027, 6332, 6348]","[['CREBBP', 'EP300', 'CSF2RA'], ['COL4A4', 'EP300', 'CSF2RA'], ['CREBBP', 'COL4A4', 'EP300'], ['E2F2', 'CDK6', 'DAPK1'], ['CDK6', 'AKT3', 'DAPK1'], ['COL4A4', 'AKT3', 'DAPK1'], ['EPAS1', 'CSF1R', 'CSF2RA'], ['E2F2', 'E2F1', 'DVL3'], ['COL4A4', 'CSF1R', 'CSF2RA'], ['CREBBP', 'LAMC3', 'CSF2RA'], ['LAMC3', 'EPAS1', 'CSF2RA'], ['COL4A4', 'EPAS1', 'AKT3'], ['COL4A4', 'EPAS1', 'CSF1R'], ['E2F2', 'CDK6', 'AKT3'], ['CREBBP', 'COL4A4', 'DAPK1'], ['CREBBP', 'LAMC3', 'EPAS1'], ['CREBBP', 'E2F1', 'EPAS1'], ['E2F2', 'E2F1', 'EPAS1'], ['E2F2', 'EPAS1', 'AKT3'], ['E2F2', 'DVL3', 'COL4A6'], ['E2F2', 'DAPK1', 'COL4A6'], ['CREBBP', 'CTBP2', 'DAPK1'], ['DVL3', 'CTBP2', 'COL4A6'], ['CTBP2', 'DAPK1', 'COL4A6'], ['CREBBP', 'E2F1', 'CTBP2'], ['E2F1', 'DVL3', 'CTBP2']]"
120,120,2,0.8127537369728088,0.8328399062156677,0.020086169242858887,"[63, 113, 130, 382, 387, 405, 431, 443, 526, 530, 606, 623, 626, 633, 634, 646, 764, 867, 872, 878, 881, 1206, 1980, 1981, 2069, 2642, 3229, 5212, 6403, 6406]","[['CREBBP', 'EP300', 'CSF2RA'], ['COL4A4', 'EP300', 'CSF2RA'], ['CREBBP', 'COL4A4', 'EP300'], ['EPAS1', 'CSF1R', 'CSF2RA'], ['CTNNA1', 'E2F3', 'AKT3'], ['COL4A4', 'CDK6', 'AKT3'], ['COL4A4', 'CDK6', 'E2F3'], ['CDK6', 'E2F3', 'TFG'], ['CTNNA1', 'COL4A4', 'E2F3'], ['E2F2', 'CDK6', 'TFG'], ['COL4A4', 'CSF1R', 'CSF2RA'], ['CREBBP', 'LAMC3', 'CSF2RA'], ['LAMC3', 'EPAS1', 'CSF2RA'], ['COL4A4', 'EPAS1', 'AKT3'], ['COL4A4', 'EPAS1', 'CSF1R'], ['E2F2', 'CDK6', 'AKT3'], ['E2F2', 'E2F1', 'TFG'], ['CREBBP', 'LAMC3', 'EPAS1'], ['CREBBP', 'E2F1', 'EPAS1'], ['E2F2', 'E2F1', 'EPAS1'], ['E2F2', 'EPAS1', 'AKT3'], ['CREBBP', 'E2F1', 'TFG'], ['CREBBP', 'COL4A4', 'ERBB2'], ['CTNNA1', 'COL4A4', 'ERBB2'], ['CREBBP', 'TFG', 'APC2'], ['E2F3', 'TFG', 'APC2'], ['E2F3', 'APC2', 'AKT3'], ['CTNNA1', 'AKT3', 'ERBB2'], ['CREBBP', 'APC2', 'ERBB2'], ['APC2', 'AKT3', 'ERBB2']]"
121,121,2,0.8133038878440857,0.8175733089447021,0.004269421100616455,"[92, 204, 357, 405, 590, 633, 646, 725, 726, 814, 831, 854, 855, 867, 872, 878, 881, 931, 932, 939, 1009, 1229, 1273, 2679, 2680, 3361, 3397, 3398, 3475, 6101, 6491, 6492]","[['E2F2', 'E2F1', 'CDKN2A'], ['E2F2', 'CDK6', 'CDKN2A'], ['E2F1', 'DVL1', 'CDKN2A'], ['COL4A4', 'CDK6', 'AKT3'], ['CREBBP', 'LAMC3', 'EP300'], ['COL4A4', 'EPAS1', 'AKT3'], ['E2F2', 'CDK6', 'AKT3'], ['CREBBP', 'EP300', 'CTNNB1'], ['CREBBP', 'E2F1', 'CTNNB1'], ['COL4A4', 'EPAS1', 'EGFR'], ['CTNNA1', 'COL4A4', 'CDK6'], ['EP300', 'DVL1', 'CTNNB1'], ['E2F1', 'DVL1', 'CTNNB1'], ['CREBBP', 'LAMC3', 'EPAS1'], ['CREBBP', 'E2F1', 'EPAS1'], ['E2F2', 'E2F1', 'EPAS1'], ['E2F2', 'EPAS1', 'AKT3'], ['CTNNA1', 'CDK6', 'CDKN2A'], ['CTNNA1', 'DVL1', 'CDKN2A'], ['CTNNA1', 'COL4A4', 'EGFR'], ['DVL2', 'EP300', 'DVL1'], ['EPAS1', 'EGLN3', 'EGFR'], ['DVL2', 'RALBP1', 'EP300'], ['RALBP1', 'EP300', 'CDKN1B'], ['LAMC3', 'EP300', 'CDKN1B'], ['LAMC3', 'CDKN1B', 'EPAS1'], ['RALBP1', 'CDKN1B', 'EGLN3'], ['CDKN1B', 'EPAS1', 'EGLN3'], ['CTNNA1', 'EGLN3', 'EGFR'], ['DVL2', 'CTNNA1', 'DVL1'], ['DVL2', 'RALBP1', 'EGLN3'], ['DVL2', 'CTNNA1', 'EGLN3']]"
122,122,2,0.8147147297859192,0.8259943723678589,0.011279642581939697,"[92, 143, 204, 357, 431, 526, 725, 726, 831, 854, 855, 872, 878, 931, 932, 962, 1007, 1009, 1232, 1273, 1674, 2224, 2283, 2284, 2344, 6101, 7038, 7041]","[['E2F2', 'E2F1', 'CDKN2A'], ['E2F2', 'CDK6', 'E2F3'], ['E2F2', 'CDK6', 'CDKN2A'], ['E2F1', 'DVL1', 'CDKN2A'], ['COL4A4', 'CDK6', 'E2F3'], ['CTNNA1', 'COL4A4', 'E2F3'], ['CREBBP', 'EP300', 'CTNNB1'], ['CREBBP', 'E2F1', 'CTNNB1'], ['CTNNA1', 'COL4A4', 'CDK6'], ['EP300', 'DVL1', 'CTNNB1'], ['E2F1', 'DVL1', 'CTNNB1'], ['CREBBP', 'E2F1', 'EPAS1'], ['E2F2', 'E2F1', 'EPAS1'], ['CTNNA1', 'CDK6', 'CDKN2A'], ['CTNNA1', 'DVL1', 'CDKN2A'], ['CREBBP', 'CRKL', 'EP300'], ['RALBP1', 'CRKL', 'EP300'], ['DVL2', 'EP300', 'DVL1'], ['CREBBP', 'RALBP1', 'CRKL'], ['DVL2', 'RALBP1', 'EP300'], ['CREBBP', 'EPAS1', 'CDKN1A'], ['E2F2', 'E2F3', 'EPAS1'], ['CTNNA1', 'E2F3', 'CDKN1A'], ['E2F3', 'EPAS1', 'CDKN1A'], ['DVL2', 'CREBBP', 'RALBP1'], ['DVL2', 'CTNNA1', 'DVL1'], ['DVL2', 'CREBBP', 'CDKN1A'], ['DVL2', 'CTNNA1', 'CDKN1A']]"
123,123,2,0.8169226050376892,0.8233767151832581,0.006454110145568848,"[144, 149, 162, 289, 327, 547, 583, 669, 1000, 1362, 1800, 2301, 2400, 2401, 4776, 4929, 5689, 6027, 7779, 7794]","[['E2F2', 'CDK6', 'DAPK1'], ['CDK6', 'E2F3', 'AKT3'], ['CDK6', 'AKT3', 'DAPK1'], ['COL4A4', 'AKT3', 'DAPK1'], ['E2F3', 'AKT3', 'AKT1'], ['RALBP1', 'CDK6', 'E2F3'], ['E2F2', 'RALBP1', 'CDK6'], ['CREBBP', 'COL4A4', 'DAPK1'], ['RALBP1', 'E2F3', 'AKT1'], ['CREBBP', 'COL4A4', 'CTBP2'], ['PIAS3', 'AKT1', 'CTBP2'], ['AKT3', 'PIAS3', 'AKT1'], ['COL4A4', 'AKT3', 'CTBP2'], ['AKT3', 'PIAS3', 'CTBP2'], ['E2F2', 'DAPK1', 'COL4A6'], ['CREBBP', 'CTBP2', 'DAPK1'], ['E2F2', 'RALBP1', 'AKT1'], ['CTBP2', 'DAPK1', 'COL4A6'], ['E2F2', 'AKT1', 'COL4A6'], ['AKT1', 'CTBP2', 'COL4A6']]"
124,124,2,0.8179236054420471,0.8297206163406372,0.011797010898590088,"[115, 143, 252, 262, 277, 295, 359, 367, 396, 445, 456, 492, 547, 583, 590, 692, 700, 709, 715, 725, 726, 854, 855, 863, 893, 912, 927, 1022, 1023, 1396, 1992, 1995, 2340, 2679, 2680, 3397, 3715, 4770, 7992, 7995]","[['CREBBP', 'RASSF1', 'EP300'], ['E2F2', 'CDK6', 'E2F3'], ['RASSF1', 'EP300', 'DAPK3'], ['E2F2', 'E2F1', 'E2F3'], ['E2F1', 'E2F3', 'DVL3'], ['LAMC3', 'COL4A2', 'DAPK3'], ['E2F2', 'E2F1', 'DVL1'], ['CREBBP', 'RASSF1', 'DAPK3'], ['E2F2', 'DVL1', 'CKS1B'], ['EP300', 'DAPK3', 'CEBPA'], ['E2F2', 'E2F1', 'DVL3'], ['CREBBP', 'LAMC3', 'DAPK3'], ['RALBP1', 'CDK6', 'E2F3'], ['E2F2', 'RALBP1', 'CDK6'], ['CREBBP', 'LAMC3', 'EP300'], ['CREBBP', 'EP300', 'CEBPA'], ['E2F2', 'E2F1', 'CDKN2B'], ['E2F2', 'CDKN2B', 'DVL3'], ['COL4A2', 'CDKN2B', 'DVL3'], ['CREBBP', 'EP300', 'CTNNB1'], ['CREBBP', 'E2F1', 'CTNNB1'], ['EP300', 'DVL1', 'CTNNB1'], ['E2F1', 'DVL1', 'CTNNB1'], ['LAMC3', 'COL4A2', 'COL4A1'], ['E2F2', 'RALBP1', 'CKS1B'], ['CREBBP', 'E2F1', 'CDKN2B'], ['COL4A2', 'DAPK3', 'CEBPA'], ['RALBP1', 'EP300', 'CKS1B'], ['EP300', 'DVL1', 'CKS1B'], ['LAMC3', 'CDKN1B', 'COL4A1'], ['CREBBP', 'CDKN2B', 'CEBPA'], ['COL4A2', 'CDKN2B', 'CEBPA'], ['COL4A2', 'DVL3', 'COL4A1'], ['RALBP1', 'EP300', 'CDKN1B'], ['LAMC3', 'EP300', 'CDKN1B'], ['RALBP1', 'CDKN1B', 'EGLN3'], ['RALBP1', 'E2F3', 'EGLN3'], ['E2F3', 'EGLN3', 'DVL3'], ['CDKN1B', 'EGLN3', 'COL4A1'], ['EGLN3', 'DVL3', 'COL4A1']]"
125,125,2,0.8185235857963562,0.8318837285041809,0.013360142707824707,"[63, 71, 92, 97, 103, 113, 119, 122, 136, 149, 176, 204, 327, 350, 357, 367, 382, 403, 431, 515, 526, 606, 623, 626, 633, 634, 646, 725, 726, 831, 854, 855, 867, 872, 878, 881, 931, 932, 1075, 1222, 1223, 1257, 1332, 2301, 2303, 2400, 2401, 2897, 8239, 8242]","[['CREBBP', 'EP300', 'CSF2RA'], ['CREBBP', 'EP300', 'CHUK'], ['E2F2', 'E2F1', 'CDKN2A'], ['EP300', 'CTBP1', 'CHUK'], ['CREBBP', 'EP300', 'CRK'], ['COL4A4', 'EP300', 'CSF2RA'], ['CREBBP', 'RASSF1', 'CHUK'], ['RASSF1', 'DAPK3', 'CHUK'], ['CTBP1', 'DAPK3', 'CHUK'], ['CDK6', 'E2F3', 'AKT3'], ['RASSF1', 'EP300', 'CTBP1'], ['E2F2', 'CDK6', 'CDKN2A'], ['E2F3', 'AKT3', 'AKT1'], ['RASSF1', 'DVL1', 'CTBP1'], ['E2F1', 'DVL1', 'CDKN2A'], ['CREBBP', 'RASSF1', 'DAPK3'], ['EPAS1', 'CSF1R', 'CSF2RA'], ['AKT1', 'CTBP1', 'DAPK3'], ['COL4A4', 'CDK6', 'E2F3'], ['RASSF1', 'EP300', 'DVL1'], ['CTNNA1', 'COL4A4', 'E2F3'], ['COL4A4', 'CSF1R', 'CSF2RA'], ['CREBBP', 'LAMC3', 'CSF2RA'], ['LAMC3', 'EPAS1', 'CSF2RA'], ['COL4A4', 'EPAS1', 'AKT3'], ['COL4A4', 'EPAS1', 'CSF1R'], ['E2F2', 'CDK6', 'AKT3'], ['CREBBP', 'EP300', 'CTNNB1'], ['CREBBP', 'E2F1', 'CTNNB1'], ['CTNNA1', 'COL4A4', 'CDK6'], ['EP300', 'DVL1', 'CTNNB1'], ['E2F1', 'DVL1', 'CTNNB1'], ['CREBBP', 'LAMC3', 'EPAS1'], ['CREBBP', 'E2F1', 'EPAS1'], ['E2F2', 'E2F1', 'EPAS1'], ['E2F2', 'EPAS1', 'AKT3'], ['CTNNA1', 'CDK6', 'CDKN2A'], ['CTNNA1', 'DVL1', 'CDKN2A'], ['DVL1', 'AKT1', 'CTBP1'], ['CTNNA1', 'DVL1', 'AKT1'], ['CTNNA1', 'E2F3', 'AKT1'], ['COL4A4', 'EP300', 'CTBP2'], ['EP300', 'CRK', 'CTBP2'], ['AKT3', 'PIAS3', 'AKT1'], ['CREBBP', 'CRK', 'DAPK3'], ['COL4A4', 'AKT3', 'CTBP2'], ['AKT3', 'PIAS3', 'CTBP2'], ['PIAS3', 'AKT1', 'DAPK3'], ['PIAS3', 'CRK', 'DAPK3'], ['PIAS3', 'CRK', 'CTBP2']]"
126,126,2,0.8236449956893921,0.8312528729438782,0.007607877254486084,"[63, 92, 113, 115, 130, 149, 204, 357, 382, 387, 431, 515, 526, 606, 623, 626, 633, 634, 646, 725, 726, 831, 854, 855, 867, 872, 878, 881, 931, 932, 1026, 1362, 2400, 2401, 2413, 7549, 8535, 8545, 9435, 9445]","[['CREBBP', 'EP300', 'CSF2RA'], ['E2F2', 'E2F1', 'CDKN2A'], ['COL4A4', 'EP300', 'CSF2RA'], ['CREBBP', 'RASSF1', 'EP300'], ['CREBBP', 'COL4A4', 'EP300'], ['CDK6', 'E2F3', 'AKT3'], ['E2F2', 'CDK6', 'CDKN2A'], ['E2F1', 'DVL1', 'CDKN2A'], ['EPAS1', 'CSF1R', 'CSF2RA'], ['CTNNA1', 'E2F3', 'AKT3'], ['COL4A4', 'CDK6', 'E2F3'], ['RASSF1', 'EP300', 'DVL1'], ['CTNNA1', 'COL4A4', 'E2F3'], ['COL4A4', 'CSF1R', 'CSF2RA'], ['CREBBP', 'LAMC3', 'CSF2RA'], ['LAMC3', 'EPAS1', 'CSF2RA'], ['COL4A4', 'EPAS1', 'AKT3'], ['COL4A4', 'EPAS1', 'CSF1R'], ['E2F2', 'CDK6', 'AKT3'], ['CREBBP', 'EP300', 'CTNNB1'], ['CREBBP', 'E2F1', 'CTNNB1'], ['CTNNA1', 'COL4A4', 'CDK6'], ['EP300', 'DVL1', 'CTNNB1'], ['E2F1', 'DVL1', 'CTNNB1'], ['CREBBP', 'LAMC3', 'EPAS1'], ['CREBBP', 'E2F1', 'EPAS1'], ['E2F2', 'E2F1', 'EPAS1'], ['E2F2', 'EPAS1', 'AKT3'], ['CTNNA1', 'CDK6', 'CDKN2A'], ['CTNNA1', 'DVL1', 'CDKN2A'], ['CREBBP', 'RASSF1', 'DVL1'], ['CREBBP', 'COL4A4', 'CTBP2'], ['COL4A4', 'AKT3', 'CTBP2'], ['AKT3', 'PIAS3', 'CTBP2'], ['CTNNA1', 'AKT3', 'PIAS3'], ['CREBBP', 'DVL1', 'EGLN2'], ['CREBBP', 'CTBP2', 'EGLN2'], ['PIAS3', 'CTBP2', 'EGLN2'], ['CTNNA1', 'DVL1', 'PIAS3'], ['DVL1', 'PIAS3', 'EGLN2']]"
127,127,2,0.8253123164176941,0.8298141360282898,0.004501819610595703,"[63, 113, 130, 359, 382, 396, 405, 606, 623, 626, 633, 634, 646, 725, 726, 831, 854, 855, 867, 872, 878, 881, 893, 962, 1007, 1022, 1023, 1232, 1240, 1525, 1980, 1981, 3520, 5332, 9796, 9806]","[['CREBBP', 'EP300', 'CSF2RA'], ['COL4A4', 'EP300', 'CSF2RA'], ['CREBBP', 'COL4A4', 'EP300'], ['E2F2', 'E2F1', 'DVL1'], ['EPAS1', 'CSF1R', 'CSF2RA'], ['E2F2', 'DVL1', 'CKS1B'], ['COL4A4', 'CDK6', 'AKT3'], ['COL4A4', 'CSF1R', 'CSF2RA'], ['CREBBP', 'LAMC3', 'CSF2RA'], ['LAMC3', 'EPAS1', 'CSF2RA'], ['COL4A4', 'EPAS1', 'AKT3'], ['COL4A4', 'EPAS1', 'CSF1R'], ['E2F2', 'CDK6', 'AKT3'], ['CREBBP', 'EP300', 'CTNNB1'], ['CREBBP', 'E2F1', 'CTNNB1'], ['CTNNA1', 'COL4A4', 'CDK6'], ['EP300', 'DVL1', 'CTNNB1'], ['E2F1', 'DVL1', 'CTNNB1'], ['CREBBP', 'LAMC3', 'EPAS1'], ['CREBBP', 'E2F1', 'EPAS1'], ['E2F2', 'E2F1', 'EPAS1'], ['E2F2', 'EPAS1', 'AKT3'], ['E2F2', 'RALBP1', 'CKS1B'], ['CREBBP', 'CRKL', 'EP300'], ['RALBP1', 'CRKL', 'EP300'], ['RALBP1', 'EP300', 'CKS1B'], ['EP300', 'DVL1', 'CKS1B'], ['CREBBP', 'RALBP1', 'CRKL'], ['CREBBP', 'E2F2', 'RALBP1'], ['CREBBP', 'ERBB2', 'CTNNB1'], ['CREBBP', 'COL4A4', 'ERBB2'], ['CTNNA1', 'COL4A4', 'ERBB2'], ['E2F2', 'CTNNA1', 'CDK6'], ['CREBBP', 'E2F2', 'CTNNB1'], ['E2F2', 'CTNNA1', 'CTNNB1'], ['CTNNA1', 'ERBB2', 'CTNNB1']]"
128,128,2,0.8339722156524658,0.8387451767921448,0.004772961139678955,"[63, 113, 130, 359, 382, 396, 405, 606, 623, 626, 633, 634, 646, 725, 726, 812, 831, 854, 855, 867, 872, 878, 881, 893, 1022, 1023, 1980, 1981, 2679, 2858, 3520, 9199, 11647, 13479, 14929, 14932]","[['CREBBP', 'EP300', 'CSF2RA'], ['COL4A4', 'EP300', 'CSF2RA'], ['CREBBP', 'COL4A4', 'EP300'], ['E2F2', 'E2F1', 'DVL1'], ['EPAS1', 'CSF1R', 'CSF2RA'], ['E2F2', 'DVL1', 'CKS1B'], ['COL4A4', 'CDK6', 'AKT3'], ['COL4A4', 'CSF1R', 'CSF2RA'], ['CREBBP', 'LAMC3', 'CSF2RA'], ['LAMC3', 'EPAS1', 'CSF2RA'], ['COL4A4', 'EPAS1', 'AKT3'], ['COL4A4', 'EPAS1', 'CSF1R'], ['E2F2', 'CDK6', 'AKT3'], ['CREBBP', 'EP300', 'CTNNB1'], ['CREBBP', 'E2F1', 'CTNNB1'], ['CREBBP', 'EP300', 'ERBB2'], ['CTNNA1', 'COL4A4', 'CDK6'], ['EP300', 'DVL1', 'CTNNB1'], ['E2F1', 'DVL1', 'CTNNB1'], ['CREBBP', 'LAMC3', 'EPAS1'], ['CREBBP', 'E2F1', 'EPAS1'], ['E2F2', 'E2F1', 'EPAS1'], ['E2F2', 'EPAS1', 'AKT3'], ['E2F2', 'RALBP1', 'CKS1B'], ['RALBP1', 'EP300', 'CKS1B'], ['EP300', 'DVL1', 'CKS1B'], ['CREBBP', 'COL4A4', 'ERBB2'], ['CTNNA1', 'COL4A4', 'ERBB2'], ['RALBP1', 'EP300', 'CDKN1B'], ['EP300', 'CDKN1B', 'ERBB2'], ['E2F2', 'CTNNA1', 'CDK6'], ['RALBP1', 'CDKN1B', 'CSF1R'], ['E2F2', 'RALBP1', 'CSF1R'], ['E2F2', 'CTNNA1', 'CSF1R'], ['CTNNA1', 'ERBB2', 'CSF1R'], ['CDKN1B', 'ERBB2', 'CSF1R']]"
